date,usd_krw,kr_base_rate
2020-01-02,1157.8,1.25
2020-01-03,1156.9,1.25
2020-01-06,1162.7,1.25
2020-01-07,1169.6,1.25
2020-01-08,1165.3,1.25
2020-01-09,1174.1,1.25
2020-01-10,1160.0,1.25
2020-01-13,1161.1,1.25
2020-01-14,1155.7,1.25
2020-01-15,1153.1,1.25
2020-01-16,1158.8,1.25
2020-01-17,1159.6,1.25
2020-01-20,1158.8,1.25
2020-01-21,1158.8,1.25
2020-01-22,1164.7,1.25
2020-01-23,1165.1,1.25
2020-01-28,1167.2,1.25
2020-01-29,1176.7,1.25
2020-01-30,1176.0,1.25
2020-01-31,1183.5,1.25
2020-02-03,1187.8,1.25
2020-02-04,1196.0,1.25
2020-02-05,1189.4,1.25
2020-02-06,1188.5,1.25
2020-02-07,1181.4,1.25
2020-02-10,1187.2,1.25
2020-02-11,1189.8,1.25
2020-02-12,1184.1,1.25
2020-02-13,1179.8,1.25
2020-02-14,1181.5,1.25
2020-02-17,1183.5,1.25
2020-02-18,1182.2,1.25
2020-02-19,1188.1,1.25
2020-02-20,1190.8,1.25
2020-02-21,1197.0,1.25
2020-02-24,1205.6,1.25
2020-02-25,1217.7,1.25
2020-02-26,1212.7,1.25
2020-02-27,1216.8,1.25
2020-02-28,1215.9,1.25
2020-03-02,1215.3,1.25
2020-03-03,1200.3,1.25
2020-03-04,1191.4,1.25
2020-03-05,1186.4,1.25
2020-03-06,1185.0,1.25
2020-03-09,1191.4,1.25
2020-03-10,1201.4,1.25
2020-03-11,1196.7,1.25
2020-03-12,1192.8,1.25
2020-03-13,1202.0,1.25
2020-03-16,1222.2,1.25
2020-03-17,1219.6,0.75
2020-03-18,1241.2,0.75
2020-03-19,1237.8,0.75
2020-03-20,1280.1,0.75
2020-03-23,1254.1,0.75
2020-03-24,1274.6,0.75
2020-03-25,1256.0,0.75
2020-03-26,1230.7,0.75
2020-03-27,1227.9,0.75
2020-03-30,1212.4,0.75
2020-03-31,1222.6,0.75
2020-04-01,1220.0,0.75
2020-04-02,1222.2,0.75
2020-04-03,1237.6,0.75
2020-04-06,1229.8,0.75
2020-04-07,1233.4,0.75
2020-04-08,1222.4,0.75
2020-04-09,1219.7,0.75
2020-04-10,1216.4,0.75
2020-04-13,1212.3,0.75
2020-04-14,1218.7,0.75
2020-04-16,1216.7,0.75
2020-04-17,1227.5,0.75
2020-04-20,1219.3,0.75
2020-04-21,1218.7,0.75
2020-04-22,1231.3,0.75
2020-04-23,1235.2,0.75
2020-04-24,1232.0,0.75
2020-04-27,1235.8,0.75
2020-04-28,1230.3,0.75
2020-04-29,1225.2,0.75
2020-05-04,1218.5,0.75
2020-05-06,1227.8,0.75
2020-05-07,1223.3,0.75
2020-05-08,1226.5,0.75
2020-05-11,1217.7,0.75
2020-05-12,1217.8,0.75
2020-05-13,1226.7,0.75
2020-05-14,1226.3,0.75
2020-05-15,1227.9,0.75
2020-05-18,1229.3,0.75
2020-05-19,1231.6,0.75
2020-05-20,1224.5,0.75
2020-05-21,1227.8,0.75
2020-05-22,1230.7,0.75
2020-05-25,1236.2,0.75
2020-05-26,1242.0,0.75
2020-05-27,1237.1,0.75
2020-05-28,1233.7,0.5
2020-05-29,1239.4,0.5
2020-06-01,1237.6,0.5
2020-06-02,1227.8,0.5
2020-06-03,1224.1,0.5
2020-06-04,1216.9,0.5
2020-06-05,1217.4,0.5
2020-06-08,1213.1,0.5
2020-06-09,1204.2,0.5
2020-06-10,1197.7,0.5
2020-06-11,1194.4,0.5
2020-06-12,1192.8,0.5
2020-06-15,1206.6,0.5
2020-06-16,1210.8,0.5
2020-06-17,1206.6,0.5
2020-06-18,1214.5,0.5
2020-06-19,1213.0,0.5
2020-06-22,1212.0,0.5
2020-06-23,1213.2,0.5
2020-06-24,1210.1,0.5
2020-06-25,1202.9,0.5
2020-06-26,1205.2,0.5
2020-06-29,1198.6,0.5
2020-06-30,1200.7,0.5
2020-07-01,1198.5,0.5
2020-07-02,1201.6,0.5
2020-07-03,1201.0,0.5
2020-07-06,1200.4,0.5
2020-07-07,1196.8,0.5
2020-07-08,1192.9,0.5
2020-07-09,1195.8,0.5
2020-07-10,1194.5,0.5
2020-07-13,1202.4,0.5
2020-07-14,1200.3,0.5
2020-07-15,1206.4,0.5
2020-07-16,1200.7,0.5
2020-07-17,1204.1,0.5
2020-07-20,1205.7,0.5
2020-07-21,1203.7,0.5
2020-07-22,1198.1,0.5
2020-07-23,1193.7,0.5
2020-07-24,1198.5,0.5
2020-07-27,1201.3,0.5
2020-07-28,1196.6,0.5
2020-07-29,1195.1,0.5
2020-07-30,1195.2,0.5
2020-07-31,1191.4,0.5
2020-08-03,1189.1,0.5
2020-08-04,1193.7,0.5
2020-08-05,1193.5,0.5
2020-08-06,1190.3,0.5
2020-08-07,1184.3,0.5
2020-08-10,1185.9,0.5
2020-08-11,1186.7,0.5
2020-08-12,1184.9,0.5
2020-08-13,1186.0,0.5
2020-08-14,1183.6,0.5
2020-08-18,1185.8,0.5
2020-08-19,1185.1,0.5
2020-08-20,1182.3,0.5
2020-08-21,1186.3,0.5
2020-08-24,1185.3,0.5
2020-08-25,1190.0,0.5
2020-08-26,1186.3,0.5
2020-08-27,1187.0,0.5
2020-08-28,1185.7,0.5
2020-08-31,1185.1,0.5
2020-09-01,1183.3,0.5
2020-09-02,1184.6,0.5
2020-09-03,1186.2,0.5
2020-09-04,1187.5,0.5
2020-09-07,1190.2,0.5
2020-09-08,1187.2,0.5
2020-09-09,1187.9,0.5
2020-09-10,1189.6,0.5
2020-09-11,1185.3,0.5
2020-09-14,1188.3,0.5
2020-09-15,1184.2,0.5
2020-09-16,1180.5,0.5
2020-09-17,1177.8,0.5
2020-09-18,1175.4,0.5
2020-09-21,1163.6,0.5
2020-09-22,1160.6,0.5
2020-09-23,1163.9,0.5
2020-09-24,1164.4,0.5
2020-09-25,1170.3,0.5
2020-09-28,1170.5,0.5
2020-09-29,1173.5,0.5
2020-10-05,1169.5,0.5
2020-10-06,1163.4,0.5
2020-10-07,1160.0,0.5
2020-10-08,1162.5,0.5
2020-10-12,1156.2,0.5
2020-10-13,1148.3,0.5
2020-10-14,1149.5,0.5
2020-10-15,1145.7,0.5
2020-10-16,1144.6,0.5
2020-10-19,1145.6,0.5
2020-10-20,1142.2,0.5
2020-10-21,1139.7,0.5
2020-10-22,1133.7,0.5
2020-10-23,1134.1,0.5
2020-10-26,1134.6,0.5
2020-10-27,1129.1,0.5
2020-10-28,1127.6,0.5
2020-10-29,1129.3,0.5
2020-10-30,1133.4,0.5
2020-11-02,1130.4,0.5
2020-11-03,1134.7,0.5
2020-11-04,1134.6,0.5
2020-11-05,1136.5,0.5
2020-11-06,1130.9,0.5
2020-11-09,1124.4,0.5
2020-11-10,1115.6,0.5
2020-11-11,1115.9,0.5
2020-11-12,1112.4,0.5
2020-11-13,1113.2,0.5
2020-11-16,1115.1,0.5
2020-11-17,1108.0,0.5
2020-11-18,1106.8,0.5
2020-11-19,1105.9,0.5
2020-11-20,1112.2,0.5
2020-11-23,1114.2,0.5
2020-11-24,1112.6,0.5
2020-11-25,1111.2,0.5
2020-11-26,1107.2,0.5
2020-11-27,1105.8,0.5
2020-11-30,1104.4,0.5
2020-12-01,1104.9,0.5
2020-12-02,1107.1,0.5
2020-12-03,1103.3,0.5
2020-12-04,1098.1,0.5
2020-12-07,1086.6,0.5
2020-12-08,1082.7,0.5
2020-12-09,1084.4,0.5
2020-12-10,1083.6,0.5
2020-12-11,1086.2,0.5
2020-12-14,1089.3,0.5
2020-12-15,1090.8,0.5
2020-12-16,1093.2,0.5
2020-12-17,1092.2,0.5
2020-12-18,1092.8,0.5
2020-12-21,1097.9,0.5
2020-12-22,1101.2,0.5
2020-12-23,1106.6,0.5
2020-12-24,1108.9,0.5
2020-12-28,1103.7,0.5
2020-12-29,1098.2,0.5
2020-12-30,1093.2,0.5
2020-12-31,1088.0,0.5
2021-01-04,1088.0,0.5
2021-01-05,1083.1,0.5
2021-01-06,1086.1,0.5
2021-01-07,1086.8,0.5
2021-01-08,1087.7,0.5
2021-01-11,1094.4,0.5
2021-01-12,1097.8,0.5
2021-01-13,1099.9,0.5
2021-01-14,1095.0,0.5
2021-01-15,1100.3,0.5
2021-01-18,1097.9,0.5
2021-01-19,1104.4,0.5
2021-01-20,1102.1,0.5
2021-01-21,1100.0,0.5
2021-01-22,1099.2,0.5
2021-01-25,1102.3,0.5
2021-01-26,1103.2,0.5
2021-01-27,1103.0,0.5
2021-01-28,1104.0,0.5
2021-01-29,1114.6,0.5
2021-02-01,1117.2,0.5
2021-02-02,1118.0,0.5
2021-02-03,1116.6,0.5
2021-02-04,1114.0,0.5
2021-02-05,1116.7,0.5
2021-02-08,1124.0,0.5
2021-02-09,1119.1,0.5
2021-02-10,1116.0,0.5
2021-02-15,1110.1,0.5
2021-02-16,1103.1,0.5
2021-02-17,1099.7,0.5
2021-02-18,1107.7,0.5
2021-02-19,1105.7,0.5
2021-02-22,1107.1,0.5
2021-02-23,1106.5,0.5
2021-02-24,1110.8,0.5
2021-02-25,1110.2,0.5
2021-02-26,1108.4,0.5
2021-03-02,1121.8,0.5
2021-03-03,1121.3,0.5
2021-03-04,1122.9,0.5
2021-03-05,1126.2,0.5
2021-03-08,1129.4,0.5
2021-03-09,1131.3,0.5
2021-03-10,1141.1,0.5
2021-03-11,1140.7,0.5
2021-03-12,1137.3,0.5
2021-03-15,1130.7,0.5
2021-03-16,1135.9,0.5
2021-03-17,1132.5,0.5
2021-03-18,1131.8,0.5
2021-03-19,1123.7,0.5
2021-03-22,1131.8,0.5
2021-03-23,1131.3,0.5
2021-03-24,1128.0,0.5
2021-03-25,1133.5,0.5
2021-03-26,1134.2,0.5
2021-03-29,1131.8,0.5
2021-03-30,1131.7,0.5
2021-03-31,1133.5,0.5
2021-04-01,1132.6,0.5
2021-04-02,1129.3,0.5
2021-04-05,1127.5,0.5
2021-04-06,1127.8,0.5
2021-04-07,1122.9,0.5
2021-04-08,1116.4,0.5
2021-04-09,1118.5,0.5
2021-04-12,1117.2,0.5
2021-04-13,1124.3,0.5
2021-04-14,1126.1,0.5
2021-04-15,1119.9,0.5
2021-04-16,1117.6,0.5
2021-04-19,1117.9,0.5
2021-04-20,1118.2,0.5
2021-04-21,1113.4,0.5
2021-04-22,1117.4,0.5
2021-04-23,1116.3,0.5
2021-04-26,1118.9,0.5
2021-04-27,1114.0,0.5
2021-04-28,1110.8,0.5
2021-04-29,1112.5,0.5
2021-04-30,1107.4,0.5
2021-05-03,1109.6,0.5
2021-05-04,1119.3,0.5
2021-05-06,1121.1,0.5
2021-05-07,1125.5,0.5
2021-05-10,1121.4,0.5
2021-05-11,1114.6,0.5
2021-05-12,1119.1,0.5
2021-05-13,1123.5,0.5
2021-05-14,1130.6,0.5
2021-05-17,1129.5,0.5
2021-05-18,1133.0,0.5
2021-05-20,1133.1,0.5
2021-05-21,1132.2,0.5
2021-05-24,1126.9,0.5
2021-05-25,1127.6,0.5
2021-05-26,1122.8,0.5
2021-05-27,1118.6,0.5
2021-05-28,1118.0,0.5
2021-05-31,1116.0,0.5
2021-06-01,1113.5,0.5
2021-06-02,1107.0,0.5
2021-06-03,1110.3,0.5
2021-06-04,1111.8,0.5
2021-06-07,1117.5,0.5
2021-06-08,1111.2,0.5
2021-06-09,1113.7,0.5
2021-06-10,1115.8,0.5
2021-06-11,1115.0,0.5
2021-06-14,1111.2,0.5
2021-06-15,1116.4,0.5
2021-06-16,1117.8,0.5
2021-06-17,1117.7,0.5
2021-06-18,1129.5,0.5
2021-06-21,1132.2,0.5
2021-06-22,1135.4,0.5
2021-06-23,1132.4,0.5
2021-06-24,1135.6,0.5
2021-06-25,1135.8,0.5
2021-06-28,1128.8,0.5
2021-06-29,1129.9,0.5
2021-06-30,1130.0,0.5
2021-07-01,1129.5,0.5
2021-07-02,1132.2,0.5
2021-07-05,1134.5,0.5
2021-07-06,1130.3,0.5
2021-07-07,1131.8,0.5
2021-07-08,1137.6,0.5
2021-07-09,1143.4,0.5
2021-07-12,1148.3,0.5
2021-07-13,1146.4,0.5
2021-07-14,1145.1,0.5
2021-07-15,1150.3,0.5
2021-07-16,1143.7,0.5
2021-07-19,1141.1,0.5
2021-07-20,1145.7,0.5
2021-07-21,1151.0,0.5
2021-07-22,1150.6,0.5
2021-07-23,1151.0,0.5
2021-07-26,1149.5,0.5
2021-07-27,1153.2,0.5
2021-07-28,1150.2,0.5
2021-07-29,1154.8,0.5
2021-07-30,1147.4,0.5
2021-08-02,1147.5,0.5
2021-08-03,1151.5,0.5
2021-08-04,1150.7,0.5
2021-08-05,1145.8,0.5
2021-08-06,1143.5,0.5
2021-08-09,1142.3,0.5
2021-08-10,1145.0,0.5
2021-08-11,1148.5,0.5
2021-08-12,1155.0,0.5
2021-08-13,1158.9,0.5
2021-08-17,1167.8,0.5
2021-08-18,1174.9,0.5
2021-08-19,1172.7,0.5
2021-08-20,1174.5,0.5
2021-08-23,1176.7,0.5
2021-08-24,1174.0,0.5
2021-08-25,1168.0,0.5
2021-08-26,1166.5,0.75
2021-08-27,1168.1,0.75
2021-08-30,1170.8,0.75
2021-08-31,1164.4,0.75
2021-09-01,1162.8,0.75
2021-09-02,1157.5,0.75
2021-09-03,1159.7,0.75
2021-09-06,1156.4,0.75
2021-09-07,1157.3,0.75
2021-09-08,1157.9,0.75
2021-09-09,1164.5,0.75
2021-09-10,1170.1,0.75
2021-09-13,1170.4,0.75
2021-09-14,1174.3,0.75
2021-09-15,1172.2,0.75
2021-09-16,1171.7,0.75
2021-09-17,1169.1,0.75
2021-09-23,1177.6,0.75
2021-09-24,1181.7,0.75
2021-09-27,1175.3,0.75
2021-09-28,1175.9,0.75
2021-09-29,1182.0,0.75
2021-09-30,1184.9,0.75
2021-10-01,1185.2,0.75
2021-10-05,1187.2,0.75
2021-10-06,1187.1,0.75
2021-10-07,1190.0,0.75
2021-10-08,1190.3,0.75
2021-10-12,1193.4,0.75
2021-10-13,1199.1,0.75
2021-10-14,1195.0,0.75
2021-10-15,1188.3,0.75
2021-10-18,1182.8,0.75
2021-10-19,1185.8,0.75
2021-10-20,1181.7,0.75
2021-10-21,1175.6,0.75
2021-10-22,1175.8,0.75
2021-10-25,1178.4,0.75
2021-10-26,1171.8,0.75
2021-10-27,1166.3,0.75
2021-10-28,1168.1,0.75
2021-10-29,1171.7,0.75
2021-11-01,1169.6,0.75
2021-11-02,1176.3,0.75
2021-11-03,1175.5,0.75
2021-11-04,1181.1,0.75
2021-11-05,1180.0,0.75
2021-11-08,1185.2,0.75
2021-11-09,1184.3,0.75
2021-11-10,1178.4,0.75
2021-11-11,1181.0,0.75
2021-11-12,1184.7,0.75
2021-11-15,1179.6,0.75
2021-11-16,1180.2,0.75
2021-11-17,1179.6,0.75
2021-11-18,1183.6,0.75
2021-11-19,1180.5,0.75
2021-11-22,1183.5,0.75
2021-11-23,1187.4,0.75
2021-11-24,1188.9,0.75
2021-11-25,1188.5,1.0
2021-11-26,1189.7,1.0
2021-11-29,1193.0,1.0
2021-11-30,1193.4,1.0
2021-12-01,1187.7,1.0
2021-12-02,1180.3,1.0
2021-12-03,1177.3,1.0
2021-12-06,1178.6,1.0
2021-12-07,1183.7,1.0
2021-12-08,1181.2,1.0
2021-12-09,1176.4,1.0
2021-12-10,1173.8,1.0
2021-12-13,1178.2,1.0
2021-12-14,1178.8,1.0
2021-12-15,1183.6,1.0
2021-12-16,1186.2,1.0
2021-12-17,1183.5,1.0
2021-12-20,1184.4,1.0
2021-12-21,1189.8,1.0
2021-12-22,1191.5,1.0
2021-12-23,1191.2,1.0
2021-12-24,1187.5,1.0
2021-12-27,1186.4,1.0
2021-12-28,1186.2,1.0
2021-12-29,1186.7,1.0
2021-12-30,1186.6,1.0
2021-12-31,1185.5,1.0
2022-01-03,1185.5,1.0
2022-01-04,1190.8,1.0
2022-01-05,1194.3,1.0
2022-01-06,1198.2,1.0
2022-01-07,1199.6,1.0
2022-01-10,1202.4,1.0
2022-01-11,1200.0,1.0
2022-01-12,1195.2,1.0
2022-01-13,1189.9,1.0
2022-01-14,1188.2,1.25
2022-01-17,1187.6,1.25
2022-01-18,1192.3,1.25
2022-01-19,1188.9,1.25
2022-01-20,1191.8,1.25
2022-01-21,1190.4,1.25
2022-01-24,1193.6,1.25
2022-01-25,1194.2,1.25
2022-01-26,1197.8,1.25
2022-01-27,1197.0,1.25
2022-01-28,1202.4,1.25
2022-02-03,1205.7,1.25
2022-02-04,1205.4,1.25
2022-02-07,1199.5,1.25
2022-02-08,1199.4,1.25
2022-02-09,1197.8,1.25
2022-02-10,1196.0,1.25
2022-02-11,1196.0,1.25
2022-02-14,1199.6,1.25
2022-02-15,1198.3,1.25
2022-02-16,1198.5,1.25
2022-02-17,1196.9,1.25
2022-02-18,1197.1,1.25
2022-02-21,1196.4,1.25
2022-02-22,1194.6,1.25
2022-02-23,1194.7,1.25
2022-02-24,1192.1,1.25
2022-02-25,1199.4,1.25
2022-02-28,1202.7,1.25
2022-03-02,1205.6,1.25
2022-03-03,1205.0,1.25
2022-03-04,1203.6,1.25
2022-03-07,1211.5,1.25
2022-03-08,1225.4,1.25
2022-03-10,1234.5,1.25
2022-03-11,1228.7,1.25
2022-03-14,1232.4,1.25
2022-03-15,1238.6,1.25
2022-03-16,1241.7,1.25
2022-03-17,1240.4,1.25
2022-03-18,1220.6,1.25
2022-03-21,1211.1,1.25
2022-03-22,1213.7,1.25
2022-03-23,1221.4,1.25
2022-03-24,1212.7,1.25
2022-03-25,1219.4,1.25
2022-03-28,1218.3,1.25
2022-03-29,1225.7,1.25
2022-03-30,1220.5,1.25
2022-03-31,1210.8,1.25
2022-04-01,1210.7,1.25
2022-04-04,1216.1,1.25
2022-04-05,1216.7,1.25
2022-04-06,1212.6,1.25
2022-04-07,1219.1,1.25
2022-04-08,1218.5,1.25
2022-04-11,1224.0,1.25
2022-04-12,1232.0,1.25
2022-04-13,1236.6,1.25
2022-04-14,1227.7,1.5
2022-04-15,1224.2,1.5
2022-04-18,1230.1,1.5
2022-04-19,1232.8,1.5
2022-04-20,1234.9,1.5
2022-04-21,1237.1,1.5
2022-04-22,1236.4,1.5
2022-04-25,1241.7,1.5
2022-04-26,1247.1,1.5
2022-04-27,1248.3,1.5
2022-04-28,1263.1,1.5
2022-04-29,1269.4,1.5
2022-05-02,1265.4,1.5
2022-05-03,1265.8,1.5
2022-05-04,1265.7,1.5
2022-05-06,1261.8,1.5
2022-05-09,1272.7,1.5
2022-05-10,1274.6,1.5
2022-05-11,1275.5,1.5
2022-05-12,1277.0,1.5
2022-05-13,1286.4,1.5
2022-05-16,1286.0,1.5
2022-05-17,1281.6,1.5
2022-05-18,1277.2,1.5
2022-05-19,1269.3,1.5
2022-05-20,1274.6,1.5
2022-05-23,1269.5,1.5
2022-05-24,1267.7,1.5
2022-05-25,1264.3,1.5
2022-05-26,1263.3,1.75
2022-05-27,1266.4,1.75
2022-05-30,1256.9,1.75
2022-05-31,1245.8,1.75
2022-06-02,1238.4,1.75
2022-06-03,1251.2,1.75
2022-06-07,1241.1,1.75
2022-06-08,1257.1,1.75
2022-06-09,1255.4,1.75
2022-06-10,1257.6,1.75
2022-06-13,1266.0,1.75
2022-06-14,1286.0,1.75
2022-06-15,1289.7,1.75
2022-06-16,1291.3,1.75
2022-06-17,1284.1,1.75
2022-06-20,1287.5,1.75
2022-06-21,1291.7,1.75
2022-06-22,1290.6,1.75
2022-06-23,1295.7,1.75
2022-06-24,1300.7,1.75
2022-06-27,1299.4,1.75
2022-06-28,1285.6,1.75
2022-06-29,1284.9,1.75
2022-06-30,1292.9,1.75
2022-07-01,1299.8,1.75
2022-07-04,1294.2,1.75
2022-07-05,1297.9,1.75
2022-07-06,1298.0,1.75
2022-07-07,1307.4,1.75
2022-07-08,1302.7,1.75
2022-07-11,1299.3,1.75
2022-07-12,1300.6,1.75
2022-07-13,1312.9,2.25
2022-07-14,1305.9,2.25
2022-07-15,1310.0,2.25
2022-07-18,1323.7,2.25
2022-07-19,1317.8,2.25
2022-07-20,1314.9,2.25
2022-07-21,1308.6,2.25
2022-07-22,1312.1,2.25
2022-07-25,1311.7,2.25
2022-07-26,1311.0,2.25
2022-07-27,1310.0,2.25
2022-07-28,1312.8,2.25
2022-07-29,1304.0,2.25
2022-08-01,1298.6,2.25
2022-08-02,1306.4,2.25
2022-08-03,1307.2,2.25
2022-08-04,1310.5,2.25
2022-08-05,1309.7,2.25
2022-08-08,1299.3,2.25
2022-08-09,1304.8,2.25
2022-08-10,1305.1,2.25
2022-08-11,1309.1,2.25
2022-08-12,1302.5,2.25
2022-08-16,1303.1,2.25
2022-08-17,1309.6,2.25
2022-08-18,1309.8,2.25
2022-08-19,1317.3,2.25
2022-08-22,1326.7,2.25
2022-08-23,1338.2,2.25
2022-08-24,1341.8,2.25
2022-08-25,1341.4,2.5
2022-08-26,1336.9,2.5
2022-08-29,1332.5,2.5
2022-08-30,1347.7,2.5
2022-08-31,1347.5,2.5
2022-09-01,1345.1,2.5
2022-09-02,1351.4,2.5
2022-09-05,1356.5,2.5
2022-09-06,1369.7,2.5
2022-09-07,1370.3,2.5
2022-09-08,1385.3,2.5
2022-09-13,1381.2,2.5
2022-09-14,1374.8,2.5
2022-09-15,1391.7,2.5
2022-09-16,1394.2,2.5
2022-09-19,1394.2,2.5
2022-09-20,1390.1,2.5
2022-09-21,1389.1,2.5
2022-09-22,1393.6,2.5
2022-09-23,1408.0,2.5
2022-09-26,1408.4,2.5
2022-09-27,1429.7,2.5
2022-09-28,1427.2,2.5
2022-09-29,1436.5,2.5
2022-09-30,1434.8,2.5
2022-10-04,1432.1,2.5
2022-10-05,1431.2,2.5
2022-10-06,1419.1,2.5
2022-10-07,1404.2,2.5
2022-10-11,1410.3,2.5
2022-10-12,1433.5,3.0
2022-10-13,1430.4,3.0
2022-10-14,1427.0,3.0
2022-10-17,1428.9,3.0
2022-10-18,1436.6,3.0
2022-10-19,1425.6,3.0
2022-10-20,1420.6,3.0
2022-10-21,1431.7,3.0
2022-10-24,1436.6,3.0
2022-10-25,1436.6,3.0
2022-10-26,1436.5,3.0
2022-10-27,1428.2,3.0
2022-10-28,1418.1,3.0
2022-10-31,1419.3,3.0
2022-11-01,1422.2,3.0
2022-11-02,1421.7,3.0
2022-11-03,1418.0,3.0
2022-11-04,1422.1,3.0
2022-11-07,1422.4,3.0
2022-11-08,1406.5,3.0
2022-11-09,1387.3,3.0
2022-11-10,1368.3,3.0
2022-11-11,1370.1,3.0
2022-11-14,1334.1,3.0
2022-11-15,1320.3,3.0
2022-11-16,1322.4,3.0
2022-11-17,1325.6,3.0
2022-11-18,1338.4,3.0
2022-11-21,1340.0,3.0
2022-11-22,1352.3,3.0
2022-11-23,1355.7,3.0
2022-11-24,1352.3,3.25
2022-11-25,1333.2,3.25
2022-11-28,1326.8,3.25
2022-11-29,1339.0,3.25
2022-11-30,1331.5,3.25
2022-12-01,1320.1,3.25
2022-12-02,1300.8,3.25
2022-12-05,1300.4,3.25
2022-12-06,1293.2,3.25
2022-12-07,1309.0,3.25
2022-12-08,1319.5,3.25
2022-12-09,1320.4,3.25
2022-12-12,1306.6,3.25
2022-12-13,1310.0,3.25
2022-12-14,1304.4,3.25
2022-12-15,1296.0,3.25
2022-12-16,1301.0,3.25
2022-12-19,1310.1,3.25
2022-12-20,1302.0,3.25
2022-12-21,1298.0,3.25
2022-12-22,1286.6,3.25
2022-12-23,1276.1,3.25
2022-12-26,1282.2,3.25
2022-12-27,1276.4,3.25
2022-12-28,1268.3,3.25
2022-12-29,1268.4,3.25
2022-12-30,1267.3,3.25
2023-01-02,1267.3,3.25
2023-01-03,1268.9,3.25
2023-01-04,1272.1,3.25
2023-01-05,1274.7,3.25
2023-01-06,1270.3,3.25
2023-01-09,1267.2,3.25
2023-01-10,1246.8,3.25
2023-01-11,1240.8,3.25
2023-01-12,1245.3,3.25
2023-01-13,1244.6,3.5
2023-01-16,1240.6,3.5
2023-01-17,1234.0,3.5
2023-01-18,1238.5,3.5
2023-01-19,1239.8,3.5
2023-01-20,1236.0,3.5
2023-01-25,1234.4,3.5
2023-01-26,1233.4,3.5
2023-01-27,1231.4,3.5
2023-01-30,1230.2,3.5
2023-01-31,1228.7,3.5
2023-02-01,1230.8,3.5
2023-02-02,1231.4,3.5
2023-02-03,1219.3,3.5
2023-02-06,1227.2,3.5
2023-02-07,1247.5,3.5
2023-02-08,1256.0,3.5
2023-02-09,1257.1,3.5
2023-02-10,1263.1,3.5
2023-02-13,1264.3,3.5
2023-02-14,1274.6,3.5
2023-02-15,1269.9,3.5
2023-02-16,1279.3,3.5
2023-02-17,1283.7,3.5
2023-02-20,1297.7,3.5
2023-02-21,1295.8,3.5
2023-02-22,1295.8,3.5
2023-02-23,1303.8,3.5
2023-02-24,1299.6,3.5
2023-02-27,1300.5,3.5
2023-02-28,1317.4,3.5
2023-03-02,1319.2,3.5
2023-03-03,1310.4,3.5
2023-03-06,1304.8,3.5
2023-03-07,1296.7,3.5
2023-03-08,1299.1,3.5
2023-03-09,1319.5,3.5
2023-03-10,1319.7,3.5
2023-03-13,1325.7,3.5
2023-03-14,1307.3,3.5
2023-03-15,1304.9,3.5
2023-03-16,1302.0,3.5
2023-03-17,1312.1,3.5
2023-03-20,1303.6,3.5
2023-03-21,1308.4,3.5
2023-03-22,1307.8,3.5
2023-03-23,1307.1,3.5
2023-03-24,1287.2,3.5
2023-03-27,1289.7,3.5
2023-03-28,1300.3,3.5
2023-03-29,1297.4,3.5
2023-03-30,1299.3,3.5
2023-03-31,1303.8,3.5
2023-04-03,1295.4,3.5
2023-04-04,1316.3,3.5
2023-04-05,1310.3,3.5
2023-04-06,1311.9,3.5
2023-04-07,1318.7,3.5
2023-04-10,1318.9,3.5
2023-04-11,1320.0,3.5
2023-04-12,1319.5,3.5
2023-04-13,1324.2,3.5
2023-04-14,1318.0,3.5
2023-04-17,1299.3,3.5
2023-04-18,1311.3,3.5
2023-04-19,1318.8,3.5
2023-04-20,1318.8,3.5
2023-04-21,1327.6,3.5
2023-04-24,1327.9,3.5
2023-04-25,1332.7,3.5
2023-04-26,1333.3,3.5
2023-04-27,1337.3,3.5
2023-04-28,1339.9,3.5
2023-05-02,1339.1,3.5
2023-05-03,1340.2,3.5
2023-05-04,1339.1,3.5
2023-05-08,1325.6,3.5
2023-05-09,1322.7,3.5
2023-05-10,1323.0,3.5
2023-05-11,1324.2,3.5
2023-05-12,1320.3,3.5
2023-05-15,1333.6,3.5
2023-05-16,1337.8,3.5
2023-05-17,1336.0,3.5
2023-05-18,1339.4,3.5
2023-05-19,1332.7,3.5
2023-05-22,1331.2,3.5
2023-05-23,1319.1,3.5
2023-05-24,1311.4,3.5
2023-05-25,1317.5,3.5
2023-05-26,1323.4,3.5
2023-05-30,1325.6,3.5
2023-05-31,1322.2,3.5
2023-06-01,1321.6,3.5
2023-06-02,1320.7,3.5
2023-06-05,1308.8,3.5
2023-06-07,1308.3,3.5
2023-06-08,1300.5,3.5
2023-06-09,1306.1,3.5
2023-06-12,1294.9,3.5
2023-06-13,1291.1,3.5
2023-06-14,1277.5,3.5
2023-06-15,1275.9,3.5
2023-06-16,1280.1,3.5
2023-06-19,1273.5,3.5
2023-06-20,1280.7,3.5
2023-06-21,1282.2,3.5
2023-06-22,1291.5,3.5
2023-06-23,1291.4,3.5
2023-06-26,1302.2,3.5
2023-06-27,1303.8,3.5
2023-06-28,1303.1,3.5
2023-06-29,1304.3,3.5
2023-06-30,1312.8,3.5
2023-07-03,1319.4,3.5
2023-07-04,1310.0,3.5
2023-07-05,1301.7,3.5
2023-07-06,1300.8,3.5
2023-07-07,1303.8,3.5
2023-07-10,1307.3,3.5
2023-07-11,1303.8,3.5
2023-07-12,1295.0,3.5
2023-07-13,1291.4,3.5
2023-07-14,1276.2,3.5
2023-07-17,1265.8,3.5
2023-07-18,1266.1,3.5
2023-07-19,1261.6,3.5
2023-07-20,1265.4,3.5
2023-07-21,1265.8,3.5
2023-07-24,1281.7,3.5
2023-07-25,1283.8,3.5
2023-07-26,1280.7,3.5
2023-07-27,1278.7,3.5
2023-07-28,1273.4,3.5
2023-07-31,1280.0,3.5
2023-08-01,1273.8,3.5
2023-08-02,1280.7,3.5
2023-08-03,1293.0,3.5
2023-08-04,1298.8,3.5
2023-08-07,1303.9,3.5
2023-08-08,1304.1,3.5
2023-08-09,1312.6,3.5
2023-08-10,1318.3,3.5
2023-08-11,1317.3,3.5
2023-08-14,1321.1,3.5
2023-08-16,1331.3,3.5
2023-08-17,1338.3,3.5
2023-08-18,1341.6,3.5
2023-08-21,1336.9,3.5
2023-08-22,1341.5,3.5
2023-08-23,1338.7,3.5
2023-08-24,1338.0,3.5
2023-08-25,1324.0,3.5
2023-08-28,1326.6,3.5
2023-08-29,1322.5,3.5
2023-08-30,1322.0,3.5
2023-08-31,1321.4,3.5
2023-09-01,1322.3,3.5
2023-09-04,1319.2,3.5
2023-09-05,1319.3,3.5
2023-09-06,1324.3,3.5
2023-09-07,1332.6,3.5
2023-09-08,1334.7,3.5
2023-09-11,1333.4,3.5
2023-09-12,1332.4,3.5
2023-09-13,1326.1,3.5
2023-09-14,1327.8,3.5
2023-09-15,1326.1,3.5
2023-09-18,1327.6,3.5
2023-09-19,1326.0,3.5
2023-09-20,1323.7,3.5
2023-09-21,1329.3,3.5
2023-09-22,1339.1,3.5
2023-09-25,1337.6,3.5
2023-09-26,1333.7,3.5
2023-09-27,1344.8,3.5
2023-10-04,1351.3,3.5
2023-10-05,1360.6,3.5
2023-10-06,1349.4,3.5
2023-10-10,1348.3,3.5
2023-10-11,1348.3,3.5
2023-10-12,1339.6,3.5
2023-10-13,1339.9,3.5
2023-10-16,1349.4,3.5
2023-10-17,1353.8,3.5
2023-10-18,1351.9,3.5
2023-10-19,1351.7,3.5
2023-10-20,1357.6,3.5
2023-10-23,1355.1,3.5
2023-10-24,1353.2,3.5
2023-10-25,1343.9,3.5
2023-10-26,1347.0,3.5
2023-10-27,1357.1,3.5
2023-10-30,1352.3,3.5
2023-10-31,1352.8,3.5
2023-11-01,1349.6,3.5
2023-11-02,1356.9,3.5
2023-11-03,1343.2,3.5
2023-11-06,1325.8,3.5
2023-11-07,1303.2,3.5
2023-11-08,1306.1,3.5
2023-11-09,1305.5,3.5
2023-11-10,1309.0,3.5
2023-11-13,1316.7,3.5
2023-11-14,1322.7,3.5
2023-11-15,1325.3,3.5
2023-11-16,1302.0,3.5
2023-11-17,1303.9,3.5
2023-11-20,1294.4,3.5
2023-11-21,1292.4,3.5
2023-11-22,1287.7,3.5
2023-11-23,1295.7,3.5
2023-11-24,1298.7,3.5
2023-11-27,1302.1,3.5
2023-11-28,1304.7,3.5
2023-11-29,1294.0,3.5
2023-11-30,1289.0,3.5
2023-12-01,1290.4,3.5
2023-12-04,1303.2,3.5
2023-12-05,1301.8,3.5
2023-12-06,1311.7,3.5
2023-12-07,1312.4,3.5
2023-12-08,1322.7,3.5
2023-12-11,1307.9,3.5
2023-12-12,1318.3,3.5
2023-12-13,1315.7,3.5
2023-12-14,1316.5,3.5
2023-12-15,1295.6,3.5
2023-12-18,1294.7,3.5
2023-12-19,1298.7,3.5
2023-12-20,1304.7,3.5
2023-12-21,1300.2,3.5
2023-12-22,1303.8,3.5
2023-12-26,1300.7,3.5
2023-12-27,1296.8,3.5
2023-12-28,1294.4,3.5
2023-12-29,1289.4,3.5
2024-01-02,1289.4,3.5
2024-01-03,1299.3,3.5
2024-01-04,1308.8,3.5
2024-01-05,1310.2,3.5
2024-01-08,1313.7,3.5
2024-01-09,1314.8,3.5
2024-01-10,1312.1,3.5
2024-01-11,1320.1,3.5
2024-01-12,1316.0,3.5
2024-01-15,1314.1,3.5
2024-01-16,1319.3,3.5
2024-01-17,1329.0,3.5
2024-01-18,1343.2,3.5
2024-01-19,1342.4,3.5
2024-01-22,1336.5,3.5
2024-01-23,1334.7,3.5
2024-01-24,1336.0,3.5
2024-01-25,1339.1,3.5
2024-01-26,1335.7,3.5
2024-01-29,1336.6,3.5
2024-01-30,1336.9,3.5
2024-01-31,1330.6,3.5
2024-02-01,1333.5,3.5
2024-02-02,1332.5,3.5
2024-02-05,1325.1,3.5
2024-02-06,1334.6,3.5
2024-02-07,1329.6,3.5
2024-02-08,1325.3,3.5
2024-02-13,1327.2,3.5
2024-02-14,1328.4,3.5
2024-02-15,1336.9,3.5
2024-02-16,1333.2,3.5
2024-02-19,1333.0,3.5
2024-02-20,1333.8,3.5
2024-02-21,1337.9,3.5
2024-02-22,1335.0,3.5
2024-02-23,1331.0,3.5
2024-02-26,1329.3,3.5
2024-02-27,1331.4,3.5
2024-02-28,1331.3,3.5
2024-02-29,1334.0,3.5
2024-03-04,1334.1,3.5
2024-03-05,1330.1,3.5
2024-03-06,1333.2,3.5
2024-03-07,1335.7,3.5
2024-03-08,1329.6,3.5
2024-03-11,1323.1,3.5
2024-03-12,1314.4,3.5
2024-03-13,1311.1,3.5
2024-03-14,1312.8,3.5
2024-03-15,1316.9,3.5
2024-03-18,1328.4,3.5
2024-03-19,1333.0,3.5
2024-03-20,1338.5,3.5
2024-03-21,1338.7,3.5
2024-03-22,1326.3,3.5
2024-03-25,1336.1,3.5
2024-03-26,1340.7,3.5
2024-03-27,1338.6,3.5
2024-03-28,1345.8,3.5
2024-03-29,1346.8,3.5
2024-04-01,1347.4,3.5
2024-04-02,1347.1,3.5
2024-04-03,1353.0,3.5
2024-04-04,1349.1,3.5
2024-04-05,1346.8,3.5
2024-04-08,1351.8,3.5
2024-04-09,1353.6,3.5
2024-04-11,1354.4,3.5
2024-04-12,1363.7,3.5
2024-04-15,1371.6,3.5
2024-04-16,1383.7,3.5
2024-04-17,1395.3,3.5
2024-04-18,1386.3,3.5
2024-04-19,1375.9,3.5
2024-04-22,1385.0,3.5
2024-04-23,1380.6,3.5
2024-04-24,1377.9,3.5
2024-04-25,1370.0,3.5
2024-04-26,1376.6,3.5
2024-04-29,1375.9,3.5
2024-04-30,1378.7,3.5
2024-05-02,1378.0,3.5
2024-05-03,1378.5,3.5
2024-05-07,1365.2,3.5
2024-05-08,1357.8,3.5
2024-05-09,1364.4,3.5
2024-05-10,1367.9,3.5
2024-05-13,1367.9,3.5
2024-05-14,1370.1,3.5
2024-05-16,1369.0,3.5
2024-05-17,1349.4,3.5
2024-05-20,1355.2,3.5
2024-05-21,1356.2,3.5
2024-05-22,1364.4,3.5
2024-05-23,1363.1,3.5
2024-05-24,1364.5,3.5
2024-05-27,1370.0,3.5
2024-05-28,1365.4,3.5
2024-05-29,1359.5,3.5
2024-05-30,1364.8,3.5
2024-05-31,1376.5,3.5
2024-06-03,1381.6,3.5
2024-06-04,1377.6,3.5
2024-06-05,1373.1,3.5
2024-06-07,1371.5,3.5
2024-06-10,1366.9,3.5
2024-06-11,1377.9,3.5
2024-06-12,1377.4,3.5
2024-06-13,1377.8,3.5
2024-06-14,1371.0,3.5
2024-06-17,1377.7,3.5
2024-06-18,1380.4,3.5
2024-06-19,1380.5,3.5
2024-06-20,1380.8,3.5
2024-06-21,1383.8,3.5
2024-06-24,1389.1,3.5
2024-06-25,1389.7,3.5
2024-06-26,1386.4,3.5
2024-06-27,1390.1,3.5
2024-06-28,1389.2,3.5
2024-07-01,1382.4,3.5
2024-07-02,1380.8,3.5
2024-07-03,1387.4,3.5
2024-07-04,1389.4,3.5
2024-07-05,1381.9,3.5
2024-07-08,1379.0,3.5
2024-07-09,1379.4,3.5
2024-07-10,1383.4,3.5
2024-07-11,1385.6,3.5
2024-07-12,1380.1,3.5
2024-07-15,1376.3,3.5
2024-07-16,1381.9,3.5
2024-07-17,1386.0,3.5
2024-07-18,1381.5,3.5
2024-07-19,1379.9,3.5
2024-07-22,1386.6,3.5
2024-07-23,1388.6,3.5
2024-07-24,1385.1,3.5
2024-07-25,1385.1,3.5
2024-07-26,1385.4,3.5
2024-07-29,1385.4,3.5
2024-07-30,1382.0,3.5
2024-07-31,1384.6,3.5
2024-08-01,1380.1,3.5
2024-08-02,1365.9,3.5
2024-08-05,1372.8,3.5
2024-08-06,1360.6,3.5
2024-08-07,1372.2,3.5
2024-08-08,1376.4,3.5
2024-08-09,1377.7,3.5
2024-08-12,1369.4,3.5
2024-08-13,1367.7,3.5
2024-08-14,1370.3,3.5
2024-08-16,1361.4,3.5
2024-08-19,1360.1,3.5
2024-08-20,1337.8,3.5
2024-08-21,1332.0,3.5
2024-08-22,1332.4,3.5
2024-08-23,1335.9,3.5
2024-08-26,1340.1,3.5
2024-08-27,1323.9,3.5
2024-08-28,1330.4,3.5
2024-08-29,1334.7,3.5
2024-08-30,1335.3,3.5
2024-09-02,1334.8,3.5
2024-09-03,1338.8,3.5
2024-09-04,1341.0,3.5
2024-09-05,1342.0,3.5
2024-09-06,1335.8,3.5
2024-09-09,1330.4,3.5
2024-09-10,1339.5,3.5
2024-09-11,1344.3,3.5
2024-09-12,1340.3,3.5
2024-09-13,1339.6,3.5
2024-09-19,1331.0,3.5
2024-09-20,1331.8,3.5
2024-09-23,1329.9,3.5
2024-09-24,1335.5,3.5
2024-09-25,1334.3,3.5
2024-09-26,1328.4,3.5
2024-09-27,1329.7,3.5
2024-09-30,1319.6,3.5
2024-10-02,1306.9,3.5
2024-10-04,1320.1,3.5
2024-10-07,1333.3,3.5
2024-10-08,1346.5,3.5
2024-10-10,1347.8,3.5
2024-10-11,1349.4,3.25
2024-10-14,1348.6,3.25
2024-10-15,1354.9,3.25
2024-10-16,1360.4,3.25
2024-10-17,1363.7,3.25
2024-10-18,1366.5,3.25
2024-10-21,1371.1,3.25
2024-10-22,1370.4,3.25
2024-10-23,1380.1,3.25
2024-10-24,1382.0,3.25
2024-10-25,1380.5,3.25
2024-10-28,1384.4,3.25
2024-10-29,1387.0,3.25
2024-10-30,1383.1,3.25
2024-10-31,1383.3,3.25
2024-11-01,1379.3,3.25
2024-11-04,1377.9,3.25
2024-11-05,1371.3,3.25
2024-11-06,1377.8,3.25
2024-11-07,1391.5,3.25
2024-11-08,1399.1,3.25
2024-11-11,1385.4,3.25
2024-11-12,1395.3,3.25
2024-11-13,1401.1,3.25
2024-11-14,1407.3,3.25
2024-11-15,1406.4,3.25
2024-11-18,1402.8,3.25
2024-11-19,1392.6,3.25
2024-11-20,1392.0,3.25
2024-11-21,1391.6,3.25
2024-11-22,1398.1,3.25
2024-11-25,1400.5,3.25
2024-11-26,1398.2,3.25
2024-11-27,1401.2,3.25
2024-11-28,1396.8,3.0
2024-11-29,1394.7,3.0
2024-12-02,1395.1,3.0
2024-12-03,1402.0,3.0
2024-12-04,1403.4,3.0
2024-12-05,1413.0,3.0
2024-12-06,1414.9,3.0
2024-12-09,1419.4,3.0
2024-12-10,1433.2,3.0
2024-12-11,1428.1,3.0
2024-12-12,1431.4,3.0
2024-12-13,1431.5,3.0
2024-12-16,1432.7,3.0
2024-12-17,1434.9,3.0
2024-12-18,1436.6,3.0
2024-12-19,1436.8,3.0
2024-12-20,1449.7,3.0
2024-12-23,1450.3,3.0
2024-12-24,1449.3,3.0
2024-12-26,1453.6,3.0
2024-12-27,1462.9,3.0
2024-12-30,1474.1,3.0
2024-12-31,1470.0,3.0
