date,usd_krw,kr_base_rate,us_base_rate,rate_diff
2020-01-02,1157.8,1.25,1.8819999694824219,-0.6319999694824219
2020-01-03,1156.9,1.25,1.7879999876022339,-0.5379999876022339
2020-01-06,1162.7,1.25,1.8109999895095825,-0.5609999895095825
2020-01-07,1169.6,1.25,1.8270000219345093,-0.5770000219345093
2020-01-08,1165.3,1.25,1.8739999532699585,-0.6239999532699585
2020-01-09,1174.1,1.25,1.8580000400543213,-0.6080000400543213
2020-01-10,1160.0,1.25,1.8250000476837158,-0.5750000476837158
2020-01-13,1161.1,1.25,1.8480000495910645,-0.5980000495910645
2020-01-14,1155.7,1.25,1.8179999589920044,-0.5679999589920044
2020-01-15,1153.1,1.25,1.7879999876022339,-0.5379999876022339
2020-01-16,1158.8,1.25,1.809000015258789,-0.5590000152587891
2020-01-17,1159.6,1.25,1.8359999656677246,-0.5859999656677246
2020-01-20,1158.8,1.25,1.8359999656677246,-0.5859999656677246
2020-01-21,1158.8,1.25,1.7690000534057617,-0.5190000534057617
2020-01-22,1164.7,1.25,1.7690000534057617,-0.5190000534057617
2020-01-23,1165.1,1.25,1.7400000095367432,-0.49000000953674316
2020-01-28,1167.2,1.25,1.6410000324249268,-0.39100003242492676
2020-01-29,1176.7,1.25,1.593999981880188,-0.343999981880188
2020-01-30,1176.0,1.25,1.5579999685287476,-0.30799996852874756
2020-01-31,1183.5,1.25,1.5199999809265137,-0.26999998092651367
2020-02-03,1187.8,1.25,1.5199999809265137,-0.26999998092651367
2020-02-04,1196.0,1.25,1.6030000448226929,-0.35300004482269287
2020-02-05,1189.4,1.25,1.6490000486373901,-0.39900004863739014
2020-02-06,1188.5,1.25,1.6440000534057617,-0.3940000534057617
2020-02-07,1181.4,1.25,1.5779999494552612,-0.32799994945526123
2020-02-10,1187.2,1.25,1.5470000505447388,-0.29700005054473877
2020-02-11,1189.8,1.25,1.590000033378601,-0.3400000333786011
2020-02-12,1184.1,1.25,1.6299999952316284,-0.3799999952316284
2020-02-13,1179.8,1.25,1.6169999837875366,-0.3669999837875366
2020-02-14,1181.5,1.25,1.5880000591278076,-0.3380000591278076
2020-02-17,1183.5,1.25,1.5880000591278076,-0.3380000591278076
2020-02-18,1182.2,1.25,1.555999994277954,-0.3059999942779541
2020-02-19,1188.1,1.25,1.5700000524520874,-0.3200000524520874
2020-02-20,1190.8,1.25,1.524999976158142,-0.2749999761581421
2020-02-21,1197.0,1.25,1.4709999561309814,-0.22099995613098145
2020-02-24,1205.6,1.25,1.3769999742507935,-0.12699997425079346
2020-02-25,1217.7,1.25,1.3300000429153442,-0.08000004291534424
2020-02-26,1212.7,1.25,1.309999942779541,-0.059999942779541016
2020-02-27,1216.8,1.25,1.2990000247955322,-0.04900002479553223
2020-02-28,1215.9,1.25,1.1269999742507935,0.12300002574920654
2020-03-02,1215.3,1.25,1.0880000591278076,0.16199994087219238
2020-03-03,1200.3,1.25,1.0099999904632568,0.24000000953674316
2020-03-04,1191.4,1.25,0.9919999837875366,0.2580000162124634
2020-03-05,1186.4,1.25,0.9259999990463257,0.3240000009536743
2020-03-06,1185.0,1.25,0.7059999704360962,0.5440000295639038
2020-03-09,1191.4,1.25,0.49900001287460327,0.7509999871253967
2020-03-10,1201.4,1.25,0.7480000257492065,0.5019999742507935
2020-03-11,1196.7,1.25,0.8199999928474426,0.4300000071525574
2020-03-12,1192.8,1.25,0.8489999771118164,0.4010000228881836
2020-03-13,1202.0,1.25,0.9509999752044678,0.2990000247955322
2020-03-16,1222.2,1.25,0.7279999852180481,0.5220000147819519
2020-03-17,1219.6,0.75,0.996999979019165,-0.24699997901916504
2020-03-18,1241.2,0.75,1.2660000324249268,-0.5160000324249268
2020-03-19,1237.8,0.75,1.11899995803833,-0.3689999580383301
2020-03-20,1280.1,0.75,0.9380000233650208,-0.18800002336502075
2020-03-23,1254.1,0.75,0.7639999985694885,-0.013999998569488525
2020-03-24,1274.6,0.75,0.8159999847412109,-0.06599998474121094
2020-03-25,1256.0,0.75,0.8579999804496765,-0.10799998044967651
2020-03-26,1230.7,0.75,0.8109999895095825,-0.06099998950958252
2020-03-27,1227.9,0.75,0.7490000128746033,0.0009999871253967285
2020-03-30,1212.4,0.75,0.6700000166893005,0.07999998331069946
2020-03-31,1222.6,0.75,0.6980000138282776,0.05199998617172241
2020-04-01,1220.0,0.75,0.6349999904632568,0.11500000953674316
2020-04-02,1222.2,0.75,0.6269999742507935,0.12300002574920654
2020-04-03,1237.6,0.75,0.5870000123977661,0.1629999876022339
2020-04-06,1229.8,0.75,0.6759999990463257,0.07400000095367432
2020-04-07,1233.4,0.75,0.7360000014305115,0.013999998569488525
2020-04-08,1222.4,0.75,0.7639999985694885,-0.013999998569488525
2020-04-09,1219.7,0.75,0.7289999723434448,0.021000027656555176
2020-04-10,1216.4,0.75,0.7289999723434448,0.021000027656555176
2020-04-13,1212.3,0.75,0.7490000128746033,0.0009999871253967285
2020-04-14,1218.7,0.75,0.7519999742507935,-0.001999974250793457
2020-04-16,1216.7,0.75,0.609000027179718,0.14099997282028198
2020-04-17,1227.5,0.75,0.6539999842643738,0.09600001573562622
2020-04-20,1219.3,0.75,0.6259999871253967,0.12400001287460327
2020-04-21,1218.7,0.75,0.5709999799728394,0.17900002002716064
2020-04-22,1231.3,0.75,0.6190000176429749,0.13099998235702515
2020-04-23,1235.2,0.75,0.6129999756813049,0.13700002431869507
2020-04-24,1232.0,0.75,0.5960000157356262,0.15399998426437378
2020-04-27,1235.8,0.75,0.656000018119812,0.09399998188018799
2020-04-28,1230.3,0.75,0.6100000143051147,0.13999998569488525
2020-04-29,1225.2,0.75,0.6269999742507935,0.12300002574920654
2020-05-04,1218.5,0.75,0.6370000243186951,0.11299997568130493
2020-05-06,1227.8,0.75,0.7110000252723694,0.038999974727630615
2020-05-07,1223.3,0.75,0.6309999823570251,0.11900001764297485
2020-05-08,1226.5,0.75,0.6819999814033508,0.06800001859664917
2020-05-11,1217.7,0.75,0.7260000109672546,0.02399998903274536
2020-05-12,1217.8,0.75,0.6779999732971191,0.07200002670288086
2020-05-13,1226.7,0.75,0.6489999890327454,0.10100001096725464
2020-05-14,1226.3,0.75,0.6190000176429749,0.13099998235702515
2020-05-15,1227.9,0.75,0.6399999856948853,0.11000001430511475
2020-05-18,1229.3,0.75,0.7440000176429749,0.0059999823570251465
2020-05-19,1231.6,0.75,0.7110000252723694,0.038999974727630615
2020-05-20,1224.5,0.75,0.6800000071525574,0.06999999284744263
2020-05-21,1227.8,0.75,0.6769999861717224,0.07300001382827759
2020-05-22,1230.7,0.75,0.6570000052452087,0.09299999475479126
2020-05-25,1236.2,0.75,0.6570000052452087,0.09299999475479126
2020-05-26,1242.0,0.75,0.6980000138282776,0.05199998617172241
2020-05-27,1237.1,0.75,0.6800000071525574,0.06999999284744263
2020-05-28,1233.7,0.5,0.7049999833106995,-0.20499998331069946
2020-05-29,1239.4,0.5,0.6480000019073486,-0.14800000190734863
2020-06-01,1237.6,0.5,0.6620000004768372,-0.16200000047683716
2020-06-02,1227.8,0.5,0.6800000071525574,-0.18000000715255737
2020-06-03,1224.1,0.5,0.7609999775886536,-0.26099997758865356
2020-06-04,1216.9,0.5,0.8199999928474426,-0.3199999928474426
2020-06-05,1217.4,0.5,0.9039999842643738,-0.4039999842643738
2020-06-08,1213.1,0.5,0.8840000033378601,-0.3840000033378601
2020-06-09,1204.2,0.5,0.8289999961853027,-0.32899999618530273
2020-06-10,1197.7,0.5,0.7480000257492065,-0.24800002574920654
2020-06-11,1194.4,0.5,0.652999997138977,-0.15299999713897705
2020-06-12,1192.8,0.5,0.6990000009536743,-0.19900000095367432
2020-06-15,1206.6,0.5,0.7020000219345093,-0.20200002193450928
2020-06-16,1210.8,0.5,0.7559999823570251,-0.25599998235702515
2020-06-17,1206.6,0.5,0.7329999804496765,-0.2329999804496765
2020-06-18,1214.5,0.5,0.6940000057220459,-0.1940000057220459
2020-06-19,1213.0,0.5,0.6970000267028809,-0.19700002670288086
2020-06-22,1212.0,0.5,0.7039999961853027,-0.20399999618530273
2020-06-23,1213.2,0.5,0.7089999914169312,-0.20899999141693115
2020-06-24,1210.1,0.5,0.6840000152587891,-0.18400001525878906
2020-06-25,1202.9,0.5,0.6740000247955322,-0.17400002479553223
2020-06-26,1205.2,0.5,0.6359999775886536,-0.13599997758865356
2020-06-29,1198.6,0.5,0.6359999775886536,-0.13599997758865356
2020-06-30,1200.7,0.5,0.652999997138977,-0.15299999713897705
2020-07-01,1198.5,0.5,0.6819999814033508,-0.18199998140335083
2020-07-02,1201.6,0.5,0.6690000295639038,-0.1690000295639038
2020-07-03,1201.0,0.5,0.6690000295639038,-0.1690000295639038
2020-07-06,1200.4,0.5,0.6840000152587891,-0.18400001525878906
2020-07-07,1196.8,0.5,0.6499999761581421,-0.1499999761581421
2020-07-08,1192.9,0.5,0.652999997138977,-0.15299999713897705
2020-07-09,1195.8,0.5,0.6050000190734863,-0.10500001907348633
2020-07-10,1194.5,0.5,0.6330000162124634,-0.13300001621246338
2020-07-13,1202.4,0.5,0.6399999856948853,-0.13999998569488525
2020-07-14,1200.3,0.5,0.6150000095367432,-0.11500000953674316
2020-07-15,1206.4,0.5,0.6299999952316284,-0.12999999523162842
2020-07-16,1200.7,0.5,0.6119999885559082,-0.1119999885559082
2020-07-17,1204.1,0.5,0.628000020980835,-0.12800002098083496
2020-07-20,1205.7,0.5,0.6200000047683716,-0.12000000476837158
2020-07-21,1203.7,0.5,0.6069999933242798,-0.10699999332427979
2020-07-22,1198.1,0.5,0.5950000286102295,-0.09500002861022949
2020-07-23,1193.7,0.5,0.5820000171661377,-0.0820000171661377
2020-07-24,1198.5,0.5,0.5889999866485596,-0.08899998664855957
2020-07-27,1201.3,0.5,0.609000027179718,-0.10900002717971802
2020-07-28,1196.6,0.5,0.5809999704360962,-0.08099997043609619
2020-07-29,1195.1,0.5,0.5789999961853027,-0.07899999618530273
2020-07-30,1195.2,0.5,0.5410000085830688,-0.04100000858306885
2020-07-31,1191.4,0.5,0.5360000133514404,-0.03600001335144043
2020-08-03,1189.1,0.5,0.5630000233650208,-0.06300002336502075
2020-08-04,1193.7,0.5,0.5149999856948853,-0.014999985694885254
2020-08-05,1193.5,0.5,0.5429999828338623,-0.042999982833862305
2020-08-06,1190.3,0.5,0.5360000133514404,-0.03600001335144043
2020-08-07,1184.3,0.5,0.5619999766349792,-0.06199997663497925
2020-08-10,1185.9,0.5,0.5740000009536743,-0.07400000095367432
2020-08-11,1186.7,0.5,0.6579999923706055,-0.15799999237060547
2020-08-12,1184.9,0.5,0.6700000166893005,-0.17000001668930054
2020-08-13,1186.0,0.5,0.7160000205039978,-0.2160000205039978
2020-08-14,1183.6,0.5,0.7089999914169312,-0.20899999141693115
2020-08-18,1185.8,0.5,0.6690000295639038,-0.1690000295639038
2020-08-19,1185.1,0.5,0.675000011920929,-0.17500001192092896
2020-08-20,1182.3,0.5,0.6439999938011169,-0.14399999380111694
2020-08-21,1186.3,0.5,0.6399999856948853,-0.13999998569488525
2020-08-24,1185.3,0.5,0.6460000276565552,-0.14600002765655518
2020-08-25,1190.0,0.5,0.6819999814033508,-0.18199998140335083
2020-08-26,1186.3,0.5,0.6869999766349792,-0.18699997663497925
2020-08-27,1187.0,0.5,0.7459999918937683,-0.2459999918937683
2020-08-28,1185.7,0.5,0.7289999723434448,-0.22899997234344482
2020-08-31,1185.1,0.5,0.6930000185966492,-0.19300001859664917
2020-09-01,1183.3,0.5,0.671999990940094,-0.171999990940094
2020-09-02,1184.6,0.5,0.6510000228881836,-0.1510000228881836
2020-09-03,1186.2,0.5,0.621999979019165,-0.12199997901916504
2020-09-04,1187.5,0.5,0.7210000157356262,-0.22100001573562622
2020-09-07,1190.2,0.5,0.7210000157356262,-0.22100001573562622
2020-09-08,1187.2,0.5,0.6840000152587891,-0.18400001525878906
2020-09-09,1187.9,0.5,0.703000009059906,-0.203000009059906
2020-09-10,1189.6,0.5,0.6850000023841858,-0.1850000023841858
2020-09-11,1185.3,0.5,0.6690000295639038,-0.1690000295639038
2020-09-14,1188.3,0.5,0.6710000038146973,-0.17100000381469727
2020-09-15,1184.2,0.5,0.6790000200271606,-0.17900002002716064
2020-09-16,1180.5,0.5,0.6869999766349792,-0.18699997663497925
2020-09-17,1177.8,0.5,0.6840000152587891,-0.18400001525878906
2020-09-18,1175.4,0.5,0.6940000057220459,-0.1940000057220459
2020-09-21,1163.6,0.5,0.6710000038146973,-0.17100000381469727
2020-09-22,1160.6,0.5,0.6639999747276306,-0.16399997472763062
2020-09-23,1163.9,0.5,0.6759999990463257,-0.17599999904632568
2020-09-24,1164.4,0.5,0.6660000085830688,-0.16600000858306885
2020-09-25,1170.3,0.5,0.6589999794960022,-0.1589999794960022
2020-09-28,1170.5,0.5,0.6629999876022339,-0.1629999876022339
2020-09-29,1173.5,0.5,0.6449999809265137,-0.14499998092651367
2020-10-05,1169.5,0.5,0.7620000243186951,-0.26200002431869507
2020-10-06,1163.4,0.5,0.7419999837875366,-0.24199998378753662
2020-10-07,1160.0,0.5,0.7850000262260437,-0.2850000262260437
2020-10-08,1162.5,0.5,0.7649999856948853,-0.26499998569488525
2020-10-12,1156.2,0.5,0.7770000100135803,-0.2770000100135803
2020-10-13,1148.3,0.5,0.7269999980926514,-0.22699999809265137
2020-10-14,1149.5,0.5,0.722000002861023,-0.22200000286102295
2020-10-15,1145.7,0.5,0.7310000061988831,-0.23100000619888306
2020-10-16,1144.6,0.5,0.7440000176429749,-0.24400001764297485
2020-10-19,1145.6,0.5,0.7609999775886536,-0.26099997758865356
2020-10-20,1142.2,0.5,0.796999990940094,-0.296999990940094
2020-10-21,1139.7,0.5,0.8159999847412109,-0.31599998474121094
2020-10-22,1133.7,0.5,0.8479999899864197,-0.3479999899864197
2020-10-23,1134.1,0.5,0.8410000205039978,-0.3410000205039978
2020-10-26,1134.6,0.5,0.8009999990463257,-0.3009999990463257
2020-10-27,1129.1,0.5,0.777999997138977,-0.27799999713897705
2020-10-28,1127.6,0.5,0.781000018119812,-0.281000018119812
2020-10-29,1129.3,0.5,0.8349999785423279,-0.3349999785423279
2020-10-30,1133.4,0.5,0.8600000143051147,-0.36000001430511475
2020-11-02,1130.4,0.5,0.8489999771118164,-0.3489999771118164
2020-11-03,1134.7,0.5,0.8820000290870667,-0.38200002908706665
2020-11-04,1134.6,0.5,0.7680000066757202,-0.2680000066757202
2020-11-05,1136.5,0.5,0.7760000228881836,-0.2760000228881836
2020-11-06,1130.9,0.5,0.8199999928474426,-0.3199999928474426
2020-11-09,1124.4,0.5,0.9580000042915344,-0.4580000042915344
2020-11-10,1115.6,0.5,0.972000002861023,-0.47200000286102295
2020-11-11,1115.9,0.5,0.9580000042915344,-0.4580000042915344
2020-11-12,1112.4,0.5,0.8849999904632568,-0.38499999046325684
2020-11-13,1113.2,0.5,0.8930000066757202,-0.3930000066757202
2020-11-16,1115.1,0.5,0.906000018119812,-0.406000018119812
2020-11-17,1108.0,0.5,0.871999979019165,-0.37199997901916504
2020-11-18,1106.8,0.5,0.8820000290870667,-0.38200002908706665
2020-11-19,1105.9,0.5,0.8539999723434448,-0.3539999723434448
2020-11-20,1112.2,0.5,0.8289999961853027,-0.32899999618530273
2020-11-23,1114.2,0.5,0.8569999933242798,-0.3569999933242798
2020-11-24,1112.6,0.5,0.8820000290870667,-0.38200002908706665
2020-11-25,1111.2,0.5,0.878000020980835,-0.37800002098083496
2020-11-26,1107.2,0.5,0.878000020980835,-0.37800002098083496
2020-11-27,1105.8,0.5,0.8420000076293945,-0.34200000762939453
2020-11-30,1104.4,0.5,0.843999981880188,-0.343999981880188
2020-12-01,1104.9,0.5,0.9340000152587891,-0.43400001525878906
2020-12-02,1107.1,0.5,0.9480000138282776,-0.4480000138282776
2020-12-03,1103.3,0.5,0.9200000166893005,-0.42000001668930054
2020-12-04,1098.1,0.5,0.968999981880188,-0.468999981880188
2020-12-07,1086.6,0.5,0.9279999732971191,-0.42799997329711914
2020-12-08,1082.7,0.5,0.9129999876022339,-0.4129999876022339
2020-12-09,1084.4,0.5,0.9409999847412109,-0.44099998474121094
2020-12-10,1083.6,0.5,0.9079999923706055,-0.40799999237060547
2020-12-11,1086.2,0.5,0.8930000066757202,-0.3930000066757202
2020-12-14,1089.3,0.5,0.8920000195503235,-0.3920000195503235
2020-12-15,1090.8,0.5,0.9229999780654907,-0.4229999780654907
2020-12-16,1093.2,0.5,0.9200000166893005,-0.42000001668930054
2020-12-17,1092.2,0.5,0.9300000071525574,-0.4300000071525574
2020-12-18,1092.8,0.5,0.9480000138282776,-0.4480000138282776
2020-12-21,1097.9,0.5,0.9409999847412109,-0.44099998474121094
2020-12-22,1101.2,0.5,0.9179999828338623,-0.4179999828338623
2020-12-23,1106.6,0.5,0.9549999833106995,-0.45499998331069946
2020-12-24,1108.9,0.5,0.9279999732971191,-0.42799997329711914
2020-12-28,1103.7,0.5,0.9330000281333923,-0.43300002813339233
2020-12-29,1098.2,0.5,0.9350000023841858,-0.4350000023841858
2020-12-30,1093.2,0.5,0.9259999990463257,-0.4259999990463257
2020-12-31,1088.0,0.5,0.9169999957084656,-0.4169999957084656
2021-01-04,1088.0,0.5,0.9169999957084656,-0.4169999957084656
2021-01-05,1083.1,0.5,0.9549999833106995,-0.45499998331069946
2021-01-06,1086.1,0.5,1.0420000553131104,-0.5420000553131104
2021-01-07,1086.8,0.5,1.0709999799728394,-0.5709999799728394
2021-01-08,1087.7,0.5,1.1050000190734863,-0.6050000190734863
2021-01-11,1094.4,0.5,1.1319999694824219,-0.6319999694824219
2021-01-12,1097.8,0.5,1.1380000114440918,-0.6380000114440918
2021-01-13,1099.9,0.5,1.0880000591278076,-0.5880000591278076
2021-01-14,1095.0,0.5,1.128999948501587,-0.6289999485015869
2021-01-15,1100.3,0.5,1.097000002861023,-0.597000002861023
2021-01-18,1097.9,0.5,1.097000002861023,-0.597000002861023
2021-01-19,1104.4,0.5,1.0920000076293945,-0.5920000076293945
2021-01-20,1102.1,0.5,1.090000033378601,-0.5900000333786011
2021-01-21,1100.0,0.5,1.1089999675750732,-0.6089999675750732
2021-01-22,1099.2,0.5,1.090999960899353,-0.590999960899353
2021-01-25,1102.3,0.5,1.0399999618530273,-0.5399999618530273
2021-01-26,1103.2,0.5,1.0399999618530273,-0.5399999618530273
2021-01-27,1103.0,0.5,1.0140000581741333,-0.5140000581741333
2021-01-28,1104.0,0.5,1.0570000410079956,-0.5570000410079956
2021-01-29,1114.6,0.5,1.093000054359436,-0.593000054359436
2021-02-01,1117.2,0.5,1.0770000219345093,-0.5770000219345093
2021-02-02,1118.0,0.5,1.1050000190734863,-0.6050000190734863
2021-02-03,1116.6,0.5,1.13100004196167,-0.6310000419616699
2021-02-04,1114.0,0.5,1.1390000581741333,-0.6390000581741333
2021-02-05,1116.7,0.5,1.1699999570846558,-0.6699999570846558
2021-02-08,1124.0,0.5,1.159999966621399,-0.6599999666213989
2021-02-09,1119.1,0.5,1.156999945640564,-0.656999945640564
2021-02-10,1116.0,0.5,1.1330000162124634,-0.6330000162124634
2021-02-15,1110.1,0.5,1.1330000162124634,-0.6330000162124634
2021-02-16,1103.1,0.5,1.2990000247955322,-0.7990000247955322
2021-02-17,1099.7,0.5,1.3009999990463257,-0.8009999990463257
2021-02-18,1107.7,0.5,1.2869999408721924,-0.7869999408721924
2021-02-19,1105.7,0.5,1.3450000286102295,-0.8450000286102295
2021-02-22,1107.1,0.5,1.3700000047683716,-0.8700000047683716
2021-02-23,1106.5,0.5,1.3619999885559082,-0.8619999885559082
2021-02-24,1110.8,0.5,1.3890000581741333,-0.8890000581741333
2021-02-25,1110.2,0.5,1.5180000066757202,-1.0180000066757202
2021-02-26,1108.4,0.5,1.4600000381469727,-0.9600000381469727
2021-03-02,1121.8,0.5,1.4149999618530273,-0.9149999618530273
2021-03-03,1121.3,0.5,1.4700000286102295,-0.9700000286102295
2021-03-04,1122.9,0.5,1.5499999523162842,-1.0499999523162842
2021-03-05,1126.2,0.5,1.5540000200271606,-1.0540000200271606
2021-03-08,1129.4,0.5,1.5959999561309814,-1.0959999561309814
2021-03-09,1131.3,0.5,1.5460000038146973,-1.0460000038146973
2021-03-10,1141.1,0.5,1.5199999809265137,-1.0199999809265137
2021-03-11,1140.7,0.5,1.5269999504089355,-1.0269999504089355
2021-03-12,1137.3,0.5,1.6349999904632568,-1.1349999904632568
2021-03-15,1130.7,0.5,1.6069999933242798,-1.1069999933242798
2021-03-16,1135.9,0.5,1.621000051498413,-1.121000051498413
2021-03-17,1132.5,0.5,1.6410000324249268,-1.1410000324249268
2021-03-18,1131.8,0.5,1.7300000190734863,-1.2300000190734863
2021-03-19,1123.7,0.5,1.7319999933242798,-1.2319999933242798
2021-03-22,1131.8,0.5,1.684000015258789,-1.184000015258789
2021-03-23,1131.3,0.5,1.6380000114440918,-1.1380000114440918
2021-03-24,1128.0,0.5,1.6139999628067017,-1.1139999628067017
2021-03-25,1133.5,0.5,1.6139999628067017,-1.1139999628067017
2021-03-26,1134.2,0.5,1.659999966621399,-1.159999966621399
2021-03-29,1131.8,0.5,1.7209999561309814,-1.2209999561309814
2021-03-30,1131.7,0.5,1.7259999513626099,-1.2259999513626099
2021-03-31,1133.5,0.5,1.746000051498413,-1.246000051498413
2021-04-01,1132.6,0.5,1.6790000200271606,-1.1790000200271606
2021-04-02,1129.3,0.5,1.6790000200271606,-1.1790000200271606
2021-04-05,1127.5,0.5,1.7200000286102295,-1.2200000286102295
2021-04-06,1127.8,0.5,1.656000018119812,-1.156000018119812
2021-04-07,1122.9,0.5,1.652999997138977,-1.152999997138977
2021-04-08,1116.4,0.5,1.6319999694824219,-1.1319999694824219
2021-04-09,1118.5,0.5,1.6660000085830688,-1.1660000085830688
2021-04-12,1117.2,0.5,1.6749999523162842,-1.1749999523162842
2021-04-13,1124.3,0.5,1.6230000257492065,-1.1230000257492065
2021-04-14,1126.1,0.5,1.6380000114440918,-1.1380000114440918
2021-04-15,1119.9,0.5,1.5299999713897705,-1.0299999713897705
2021-04-16,1117.6,0.5,1.5729999542236328,-1.0729999542236328
2021-04-19,1117.9,0.5,1.6009999513626099,-1.1009999513626099
2021-04-20,1118.2,0.5,1.562000036239624,-1.062000036239624
2021-04-21,1113.4,0.5,1.5640000104904175,-1.0640000104904175
2021-04-22,1117.4,0.5,1.5540000200271606,-1.0540000200271606
2021-04-23,1116.3,0.5,1.5670000314712524,-1.0670000314712524
2021-04-26,1118.9,0.5,1.5700000524520874,-1.0700000524520874
2021-04-27,1114.0,0.5,1.621999979019165,-1.121999979019165
2021-04-28,1110.8,0.5,1.6200000047683716,-1.1200000047683716
2021-04-29,1112.5,0.5,1.6399999856948853,-1.1399999856948853
2021-04-30,1107.4,0.5,1.63100004196167,-1.13100004196167
2021-05-03,1109.6,0.5,1.6069999933242798,-1.1069999933242798
2021-05-04,1119.3,0.5,1.5920000076293945,-1.0920000076293945
2021-05-06,1121.1,0.5,1.5609999895095825,-1.0609999895095825
2021-05-07,1125.5,0.5,1.5770000219345093,-1.0770000219345093
2021-05-10,1121.4,0.5,1.6019999980926514,-1.1019999980926514
2021-05-11,1114.6,0.5,1.6239999532699585,-1.1239999532699585
2021-05-12,1119.1,0.5,1.6950000524520874,-1.1950000524520874
2021-05-13,1123.5,0.5,1.6679999828338623,-1.1679999828338623
2021-05-14,1130.6,0.5,1.6349999904632568,-1.1349999904632568
2021-05-17,1129.5,0.5,1.6399999856948853,-1.1399999856948853
2021-05-18,1133.0,0.5,1.6419999599456787,-1.1419999599456787
2021-05-20,1133.1,0.5,1.6339999437332153,-1.1339999437332153
2021-05-21,1132.2,0.5,1.6319999694824219,-1.1319999694824219
2021-05-24,1126.9,0.5,1.6080000400543213,-1.1080000400543213
2021-05-25,1127.6,0.5,1.5640000104904175,-1.0640000104904175
2021-05-26,1122.8,0.5,1.5740000009536743,-1.0740000009536743
2021-05-27,1118.6,0.5,1.6100000143051147,-1.1100000143051147
2021-05-28,1118.0,0.5,1.5809999704360962,-1.0809999704360962
2021-05-31,1116.0,0.5,1.5809999704360962,-1.0809999704360962
2021-06-01,1113.5,0.5,1.6150000095367432,-1.1150000095367432
2021-06-02,1107.0,0.5,1.590999960899353,-1.090999960899353
2021-06-03,1110.3,0.5,1.625,-1.125
2021-06-04,1111.8,0.5,1.559999942779541,-1.059999942779541
2021-06-07,1117.5,0.5,1.569000005722046,-1.069000005722046
2021-06-08,1111.2,0.5,1.527999997138977,-1.027999997138977
2021-06-09,1113.7,0.5,1.4889999628067017,-0.9889999628067017
2021-06-10,1115.8,0.5,1.4589999914169312,-0.9589999914169312
2021-06-11,1115.0,0.5,1.4620000123977661,-0.9620000123977661
2021-06-14,1111.2,0.5,1.5010000467300415,-1.0010000467300415
2021-06-15,1116.4,0.5,1.4989999532699585,-0.9989999532699585
2021-06-16,1117.8,0.5,1.569000005722046,-1.069000005722046
2021-06-17,1117.7,0.5,1.5110000371932983,-1.0110000371932983
2021-06-18,1129.5,0.5,1.4500000476837158,-0.9500000476837158
2021-06-21,1132.2,0.5,1.4839999675750732,-0.9839999675750732
2021-06-22,1135.4,0.5,1.472000002861023,-0.972000002861023
2021-06-23,1132.4,0.5,1.4869999885559082,-0.9869999885559082
2021-06-24,1135.6,0.5,1.4869999885559082,-0.9869999885559082
2021-06-25,1135.8,0.5,1.5360000133514404,-1.0360000133514404
2021-06-28,1128.8,0.5,1.4780000448226929,-0.9780000448226929
2021-06-29,1129.9,0.5,1.4800000190734863,-0.9800000190734863
2021-06-30,1130.0,0.5,1.4429999589920044,-0.9429999589920044
2021-07-01,1129.5,0.5,1.4800000190734863,-0.9800000190734863
2021-07-02,1132.2,0.5,1.430999994277954,-0.9309999942779541
2021-07-05,1134.5,0.5,1.430999994277954,-0.9309999942779541
2021-07-06,1130.3,0.5,1.3700000047683716,-0.8700000047683716
2021-07-07,1131.8,0.5,1.3209999799728394,-0.8209999799728394
2021-07-08,1137.6,0.5,1.2879999876022339,-0.7879999876022339
2021-07-09,1143.4,0.5,1.3559999465942383,-0.8559999465942383
2021-07-12,1148.3,0.5,1.3630000352859497,-0.8630000352859497
2021-07-13,1146.4,0.5,1.4149999618530273,-0.9149999618530273
2021-07-14,1145.1,0.5,1.3559999465942383,-0.8559999465942383
2021-07-15,1150.3,0.5,1.2970000505447388,-0.7970000505447388
2021-07-16,1143.7,0.5,1.2999999523162842,-0.7999999523162842
2021-07-19,1141.1,0.5,1.180999994277954,-0.6809999942779541
2021-07-20,1145.7,0.5,1.2089999914169312,-0.7089999914169312
2021-07-21,1151.0,0.5,1.2799999713897705,-0.7799999713897705
2021-07-22,1150.6,0.5,1.2649999856948853,-0.7649999856948853
2021-07-23,1151.0,0.5,1.2860000133514404,-0.7860000133514404
2021-07-26,1149.5,0.5,1.2760000228881836,-0.7760000228881836
2021-07-27,1153.2,0.5,1.2339999675750732,-0.7339999675750732
2021-07-28,1150.2,0.5,1.2610000371932983,-0.7610000371932983
2021-07-29,1154.8,0.5,1.2690000534057617,-0.7690000534057617
2021-07-30,1147.4,0.5,1.2389999628067017,-0.7389999628067017
2021-08-02,1147.5,0.5,1.1740000247955322,-0.6740000247955322
2021-08-03,1151.5,0.5,1.1759999990463257,-0.6759999990463257
2021-08-04,1150.7,0.5,1.184000015258789,-0.6840000152587891
2021-08-05,1145.8,0.5,1.2170000076293945,-0.7170000076293945
2021-08-06,1143.5,0.5,1.2899999618530273,-0.7899999618530273
2021-08-09,1142.3,0.5,1.3170000314712524,-0.8170000314712524
2021-08-10,1145.0,0.5,1.3420000076293945,-0.8420000076293945
2021-08-11,1148.5,0.5,1.3289999961853027,-0.8289999961853027
2021-08-12,1155.0,0.5,1.3669999837875366,-0.8669999837875366
2021-08-13,1158.9,0.5,1.2970000505447388,-0.7970000505447388
2021-08-17,1167.8,0.5,1.2580000162124634,-0.7580000162124634
2021-08-18,1174.9,0.5,1.2730000019073486,-0.7730000019073486
2021-08-19,1172.7,0.5,1.2419999837875366,-0.7419999837875366
2021-08-20,1174.5,0.5,1.2599999904632568,-0.7599999904632568
2021-08-23,1176.7,0.5,1.2549999952316284,-0.7549999952316284
2021-08-24,1174.0,0.5,1.2899999618530273,-0.7899999618530273
2021-08-25,1168.0,0.5,1.3420000076293945,-0.8420000076293945
2021-08-26,1166.5,0.75,1.3420000076293945,-0.5920000076293945
2021-08-27,1168.1,0.75,1.312000036239624,-0.562000036239624
2021-08-30,1170.8,0.75,1.284999966621399,-0.5349999666213989
2021-08-31,1164.4,0.75,1.3040000200271606,-0.5540000200271606
2021-09-01,1162.8,0.75,1.3020000457763672,-0.5520000457763672
2021-09-02,1157.5,0.75,1.2940000295639038,-0.5440000295639038
2021-09-03,1159.7,0.75,1.3220000267028809,-0.5720000267028809
2021-09-06,1156.4,0.75,1.3220000267028809,-0.5720000267028809
2021-09-07,1157.3,0.75,1.3700000047683716,-0.6200000047683716
2021-09-08,1157.9,0.75,1.3339999914169312,-0.5839999914169312
2021-09-09,1164.5,0.75,1.2990000247955322,-0.5490000247955322
2021-09-10,1170.1,0.75,1.340999960899353,-0.590999960899353
2021-09-13,1170.4,0.75,1.3240000009536743,-0.5740000009536743
2021-09-14,1174.3,0.75,1.2769999504089355,-0.5269999504089355
2021-09-15,1172.2,0.75,1.3040000200271606,-0.5540000200271606
2021-09-16,1171.7,0.75,1.3309999704360962,-0.5809999704360962
2021-09-17,1169.1,0.75,1.3700000047683716,-0.6200000047683716
2021-09-23,1177.6,0.75,1.409999966621399,-0.6599999666213989
2021-09-24,1181.7,0.75,1.4600000381469727,-0.7100000381469727
2021-09-27,1175.3,0.75,1.4839999675750732,-0.7339999675750732
2021-09-28,1175.9,0.75,1.534000039100647,-0.784000039100647
2021-09-29,1182.0,0.75,1.5410000085830688,-0.7910000085830688
2021-09-30,1184.9,0.75,1.5290000438690186,-0.7790000438690186
2021-10-01,1185.2,0.75,1.4789999723434448,-0.7289999723434448
2021-10-05,1187.2,0.75,1.5290000438690186,-0.7790000438690186
2021-10-06,1187.1,0.75,1.5240000486373901,-0.7740000486373901
2021-10-07,1190.0,0.75,1.5709999799728394,-0.8209999799728394
2021-10-08,1190.3,0.75,1.6050000190734863,-0.8550000190734863
2021-10-12,1193.4,0.75,1.5800000429153442,-0.8300000429153442
2021-10-13,1199.1,0.75,1.5490000247955322,-0.7990000247955322
2021-10-14,1195.0,0.75,1.5190000534057617,-0.7690000534057617
2021-10-15,1188.3,0.75,1.5759999752044678,-0.8259999752044678
2021-10-18,1182.8,0.75,1.5839999914169312,-0.8339999914169312
2021-10-19,1185.8,0.75,1.6349999904632568,-0.8849999904632568
2021-10-20,1181.7,0.75,1.6360000371932983,-0.8860000371932983
2021-10-21,1175.6,0.75,1.6759999990463257,-0.9259999990463257
2021-10-22,1175.8,0.75,1.6549999713897705,-0.9049999713897705
2021-10-25,1178.4,0.75,1.6349999904632568,-0.8849999904632568
2021-10-26,1171.8,0.75,1.61899995803833,-0.8689999580383301
2021-10-27,1166.3,0.75,1.5290000438690186,-0.7790000438690186
2021-10-28,1168.1,0.75,1.5679999589920044,-0.8179999589920044
2021-10-29,1171.7,0.75,1.5570000410079956,-0.8070000410079956
2021-11-01,1169.6,0.75,1.5750000476837158,-0.8250000476837158
2021-11-02,1176.3,0.75,1.5490000247955322,-0.7990000247955322
2021-11-03,1175.5,0.75,1.5789999961853027,-0.8289999961853027
2021-11-04,1181.1,0.75,1.5240000486373901,-0.7740000486373901
2021-11-05,1180.0,0.75,1.4529999494552612,-0.7029999494552612
2021-11-08,1185.2,0.75,1.496999979019165,-0.746999979019165
2021-11-09,1184.3,0.75,1.4320000410079956,-0.6820000410079956
2021-11-10,1178.4,0.75,1.559999942779541,-0.809999942779541
2021-11-11,1181.0,0.75,1.559999942779541,-0.809999942779541
2021-11-12,1184.7,0.75,1.5820000171661377,-0.8320000171661377
2021-11-15,1179.6,0.75,1.6230000257492065,-0.8730000257492065
2021-11-16,1180.2,0.75,1.6339999437332153,-0.8839999437332153
2021-11-17,1179.6,0.75,1.6039999723434448,-0.8539999723434448
2021-11-18,1183.6,0.75,1.5889999866485596,-0.8389999866485596
2021-11-19,1180.5,0.75,1.5360000133514404,-0.7860000133514404
2021-11-22,1183.5,0.75,1.625,-0.875
2021-11-23,1187.4,0.75,1.6670000553131104,-0.9170000553131104
2021-11-24,1188.9,0.75,1.6449999809265137,-0.8949999809265137
2021-11-25,1188.5,1.0,1.6449999809265137,-0.6449999809265137
2021-11-26,1189.7,1.0,1.4819999933242798,-0.4819999933242798
2021-11-29,1193.0,1.0,1.5299999713897705,-0.5299999713897705
2021-11-30,1193.4,1.0,1.4429999589920044,-0.4429999589920044
2021-12-01,1187.7,1.0,1.434000015258789,-0.43400001525878906
2021-12-02,1180.3,1.0,1.4479999542236328,-0.4479999542236328
2021-12-03,1177.3,1.0,1.343000054359436,-0.34300005435943604
2021-12-06,1178.6,1.0,1.434000015258789,-0.43400001525878906
2021-12-07,1183.7,1.0,1.4800000190734863,-0.48000001907348633
2021-12-08,1181.2,1.0,1.5089999437332153,-0.5089999437332153
2021-12-09,1176.4,1.0,1.4869999885559082,-0.4869999885559082
2021-12-10,1173.8,1.0,1.4889999628067017,-0.48899996280670166
2021-12-13,1178.2,1.0,1.4240000247955322,-0.4240000247955322
2021-12-14,1178.8,1.0,1.437999963760376,-0.437999963760376
2021-12-15,1183.6,1.0,1.4630000591278076,-0.4630000591278076
2021-12-16,1186.2,1.0,1.4220000505447388,-0.42200005054473877
2021-12-17,1183.5,1.0,1.4019999504089355,-0.40199995040893555
2021-12-20,1184.4,1.0,1.4190000295639038,-0.4190000295639038
2021-12-21,1189.8,1.0,1.4869999885559082,-0.4869999885559082
2021-12-22,1191.5,1.0,1.4570000171661377,-0.4570000171661377
2021-12-23,1191.2,1.0,1.4930000305175781,-0.4930000305175781
2021-12-24,1187.5,1.0,1.4930000305175781,-0.4930000305175781
2021-12-27,1186.4,1.0,1.4809999465942383,-0.4809999465942383
2021-12-28,1186.2,1.0,1.4809999465942383,-0.4809999465942383
2021-12-29,1186.7,1.0,1.5429999828338623,-0.5429999828338623
2021-12-30,1186.6,1.0,1.5149999856948853,-0.5149999856948853
2021-12-31,1185.5,1.0,1.5119999647140503,-0.5119999647140503
2022-01-03,1185.5,1.0,1.628000020980835,-0.628000020980835
2022-01-04,1190.8,1.0,1.6679999828338623,-0.6679999828338623
2022-01-05,1194.3,1.0,1.7050000429153442,-0.7050000429153442
2022-01-06,1198.2,1.0,1.7330000400543213,-0.7330000400543213
2022-01-07,1199.6,1.0,1.7710000276565552,-0.7710000276565552
2022-01-10,1202.4,1.0,1.7799999713897705,-0.7799999713897705
2022-01-11,1200.0,1.0,1.746000051498413,-0.7460000514984131
2022-01-12,1195.2,1.0,1.725000023841858,-0.7250000238418579
2022-01-13,1189.9,1.0,1.7109999656677246,-0.7109999656677246
2022-01-14,1188.2,1.25,1.7719999551773071,-0.5219999551773071
2022-01-17,1187.6,1.25,1.7719999551773071,-0.5219999551773071
2022-01-18,1192.3,1.25,1.8650000095367432,-0.6150000095367432
2022-01-19,1188.9,1.25,1.8270000219345093,-0.5770000219345093
2022-01-20,1191.8,1.25,1.8329999446868896,-0.5829999446868896
2022-01-21,1190.4,1.25,1.746999979019165,-0.49699997901916504
2022-01-24,1193.6,1.25,1.7350000143051147,-0.48500001430511475
2022-01-25,1194.2,1.25,1.7829999923706055,-0.5329999923706055
2022-01-26,1197.8,1.25,1.8480000495910645,-0.5980000495910645
2022-01-27,1197.0,1.25,1.8070000410079956,-0.5570000410079956
2022-01-28,1202.4,1.25,1.781999945640564,-0.531999945640564
2022-02-03,1205.7,1.25,1.8270000219345093,-0.5770000219345093
2022-02-04,1205.4,1.25,1.9299999475479126,-0.6799999475479126
2022-02-07,1199.5,1.25,1.9160000085830688,-0.6660000085830688
2022-02-08,1199.4,1.25,1.9539999961853027,-0.7039999961853027
2022-02-09,1197.8,1.25,1.9290000200271606,-0.6790000200271606
2022-02-10,1196.0,1.25,2.0309998989105225,-0.7809998989105225
2022-02-11,1196.0,1.25,1.9550000429153442,-0.7050000429153442
2022-02-14,1199.6,1.25,1.996000051498413,-0.7460000514984131
2022-02-15,1198.3,1.25,2.0450000762939453,-0.7950000762939453
2022-02-16,1198.5,1.25,2.046999931335449,-0.7969999313354492
2022-02-17,1196.9,1.25,1.972000002861023,-0.722000002861023
2022-02-18,1197.1,1.25,1.9320000410079956,-0.6820000410079956
2022-02-21,1196.4,1.25,1.9320000410079956,-0.6820000410079956
2022-02-22,1194.6,1.25,1.9479999542236328,-0.6979999542236328
2022-02-23,1194.7,1.25,1.9769999980926514,-0.7269999980926514
2022-02-24,1192.1,1.25,1.968999981880188,-0.718999981880188
2022-02-25,1199.4,1.25,1.9859999418258667,-0.7359999418258667
2022-02-28,1202.7,1.25,1.8389999866485596,-0.5889999866485596
2022-03-02,1205.6,1.25,1.8650000095367432,-0.6150000095367432
2022-03-03,1205.0,1.25,1.843999981880188,-0.593999981880188
2022-03-04,1203.6,1.25,1.7239999771118164,-0.4739999771118164
2022-03-07,1211.5,1.25,1.7510000467300415,-0.5010000467300415
2022-03-08,1225.4,1.25,1.871999979019165,-0.621999979019165
2022-03-10,1234.5,1.25,2.010999917984009,-0.7609999179840088
2022-03-11,1228.7,1.25,2.003999948501587,-0.7539999485015869
2022-03-14,1232.4,1.25,2.140000104904175,-0.8900001049041748
2022-03-15,1238.6,1.25,2.1600000858306885,-0.9100000858306885
2022-03-16,1241.7,1.25,2.187999963760376,-0.937999963760376
2022-03-17,1240.4,1.25,2.191999912261963,-0.9419999122619629
2022-03-18,1220.6,1.25,2.1480000019073486,-0.8980000019073486
2022-03-21,1211.1,1.25,2.315000057220459,-1.065000057220459
2022-03-22,1213.7,1.25,2.372999906539917,-1.122999906539917
2022-03-23,1221.4,1.25,2.321000099182129,-1.071000099182129
2022-03-24,1212.7,1.25,2.3410000801086426,-1.0910000801086426
2022-03-25,1219.4,1.25,2.492000102996826,-1.2420001029968262
2022-03-28,1218.3,1.25,2.4769999980926514,-1.2269999980926514
2022-03-29,1225.7,1.25,2.4000000953674316,-1.1500000953674316
2022-03-30,1220.5,1.25,2.3580000400543213,-1.1080000400543213
2022-03-31,1210.8,1.25,2.3269999027252197,-1.0769999027252197
2022-04-01,1210.7,1.25,2.377000093460083,-1.127000093460083
2022-04-04,1216.1,1.25,2.4119999408721924,-1.1619999408721924
2022-04-05,1216.7,1.25,2.555999994277954,-1.305999994277954
2022-04-06,1212.6,1.25,2.6089999675750732,-1.3589999675750732
2022-04-07,1219.1,1.25,2.6519999504089355,-1.4019999504089355
2022-04-08,1218.5,1.25,2.7130000591278076,-1.4630000591278076
2022-04-11,1224.0,1.25,2.7799999713897705,-1.5299999713897705
2022-04-12,1232.0,1.25,2.7249999046325684,-1.4749999046325684
2022-04-13,1236.6,1.25,2.687000036239624,-1.437000036239624
2022-04-14,1227.7,1.5,2.828000068664551,-1.3280000686645508
2022-04-15,1224.2,1.5,2.828000068664551,-1.3280000686645508
2022-04-18,1230.1,1.5,2.861999988555908,-1.3619999885559082
2022-04-19,1232.8,1.5,2.9130001068115234,-1.4130001068115234
2022-04-20,1234.9,1.5,2.8399999141693115,-1.3399999141693115
2022-04-21,1237.1,1.5,2.9170000553131104,-1.4170000553131104
2022-04-22,1236.4,1.5,2.9059998989105225,-1.4059998989105225
2022-04-25,1241.7,1.5,2.8259999752044678,-1.3259999752044678
2022-04-26,1247.1,1.5,2.7720000743865967,-1.2720000743865967
2022-04-27,1248.3,1.5,2.818000078201294,-1.318000078201294
2022-04-28,1263.1,1.5,2.86299991607666,-1.3629999160766602
2022-04-29,1269.4,1.5,2.88700008392334,-1.3870000839233398
2022-05-02,1265.4,1.5,2.996000051498413,-1.496000051498413
2022-05-03,1265.8,1.5,2.9600000381469727,-1.4600000381469727
2022-05-04,1265.7,1.5,2.9170000553131104,-1.4170000553131104
2022-05-06,1261.8,1.5,3.122999906539917,-1.622999906539917
2022-05-09,1272.7,1.5,3.0789999961853027,-1.5789999961853027
2022-05-10,1274.6,1.5,2.993000030517578,-1.4930000305175781
2022-05-11,1275.5,1.5,2.9210000038146973,-1.4210000038146973
2022-05-12,1277.0,1.5,2.816999912261963,-1.316999912261963
2022-05-13,1286.4,1.5,2.934999942779541,-1.434999942779541
2022-05-16,1286.0,1.5,2.877000093460083,-1.377000093460083
2022-05-17,1281.6,1.5,2.9679999351501465,-1.4679999351501465
2022-05-18,1277.2,1.5,2.885999917984009,-1.3859999179840088
2022-05-19,1269.3,1.5,2.8550000190734863,-1.3550000190734863
2022-05-20,1274.6,1.5,2.7869999408721924,-1.2869999408721924
2022-05-23,1269.5,1.5,2.8589999675750732,-1.3589999675750732
2022-05-24,1267.7,1.5,2.759999990463257,-1.2599999904632568
2022-05-25,1264.3,1.5,2.749000072479248,-1.249000072479248
2022-05-26,1263.3,1.75,2.75600004196167,-1.00600004196167
2022-05-27,1266.4,1.75,2.743000030517578,-0.9930000305175781
2022-05-30,1256.9,1.75,2.743000030517578,-0.9930000305175781
2022-05-31,1245.8,1.75,2.8440001010894775,-1.0940001010894775
2022-06-02,1238.4,1.75,2.9130001068115234,-1.1630001068115234
2022-06-03,1251.2,1.75,2.9570000171661377,-1.2070000171661377
2022-06-07,1241.1,1.75,2.9719998836517334,-1.2219998836517334
2022-06-08,1257.1,1.75,3.0290000438690186,-1.2790000438690186
2022-06-09,1255.4,1.75,3.0439999103546143,-1.2939999103546143
2022-06-10,1257.6,1.75,3.1559998989105225,-1.4059998989105225
2022-06-13,1266.0,1.75,3.365999937057495,-1.6159999370574951
2022-06-14,1286.0,1.75,3.4830000400543213,-1.7330000400543213
2022-06-15,1289.7,1.75,3.3949999809265137,-1.6449999809265137
2022-06-16,1291.3,1.75,3.306999921798706,-1.556999921798706
2022-06-17,1284.1,1.75,3.239000082015991,-1.4890000820159912
2022-06-20,1287.5,1.75,3.239000082015991,-1.4890000820159912
2022-06-21,1291.7,1.75,3.306999921798706,-1.556999921798706
2022-06-22,1290.6,1.75,3.1559998989105225,-1.4059998989105225
2022-06-23,1295.7,1.75,3.068000078201294,-1.318000078201294
2022-06-24,1300.7,1.75,3.125,-1.375
2022-06-27,1299.4,1.75,3.194000005722046,-1.444000005722046
2022-06-28,1285.6,1.75,3.2060000896453857,-1.4560000896453857
2022-06-29,1284.9,1.75,3.0929999351501465,-1.3429999351501465
2022-06-30,1292.9,1.75,2.9719998836517334,-1.2219998836517334
2022-07-01,1299.8,1.75,2.8889999389648438,-1.1389999389648438
2022-07-04,1294.2,1.75,2.8889999389648438,-1.1389999389648438
2022-07-05,1297.9,1.75,2.809000015258789,-1.059000015258789
2022-07-06,1298.0,1.75,2.9130001068115234,-1.1630001068115234
2022-07-07,1307.4,1.75,3.007999897003174,-1.2579998970031738
2022-07-08,1302.7,1.75,3.1010000705718994,-1.3510000705718994
2022-07-11,1299.3,1.75,2.990999937057495,-1.2409999370574951
2022-07-12,1300.6,1.75,2.9579999446868896,-1.2079999446868896
2022-07-13,1312.9,2.25,2.9040000438690186,-0.6540000438690186
2022-07-14,1305.9,2.25,2.9600000381469727,-0.7100000381469727
2022-07-15,1310.0,2.25,2.930000066757202,-0.6800000667572021
2022-07-18,1323.7,2.25,2.9600000381469727,-0.7100000381469727
2022-07-19,1317.8,2.25,3.0190000534057617,-0.7690000534057617
2022-07-20,1314.9,2.25,3.0360000133514404,-0.7860000133514404
2022-07-21,1308.6,2.25,2.9100000858306885,-0.6600000858306885
2022-07-22,1312.1,2.25,2.7829999923706055,-0.5329999923706055
2022-07-25,1311.7,2.25,2.819999933242798,-0.5699999332427979
2022-07-26,1311.0,2.25,2.7869999408721924,-0.5369999408721924
2022-07-27,1310.0,2.25,2.7339999675750732,-0.48399996757507324
2022-07-28,1312.8,2.25,2.680999994277954,-0.4309999942779541
2022-07-29,1304.0,2.25,2.6419999599456787,-0.3919999599456787
2022-08-01,1298.6,2.25,2.6059999465942383,-0.3559999465942383
2022-08-02,1306.4,2.25,2.740999937057495,-0.4909999370574951
2022-08-03,1307.2,2.25,2.747999906539917,-0.497999906539917
2022-08-04,1310.5,2.25,2.6760001182556152,-0.42600011825561523
2022-08-05,1309.7,2.25,2.8399999141693115,-0.5899999141693115
2022-08-08,1299.3,2.25,2.765000104904175,-0.5150001049041748
2022-08-09,1304.8,2.25,2.796999931335449,-0.5469999313354492
2022-08-10,1305.1,2.25,2.7860000133514404,-0.5360000133514404
2022-08-11,1309.1,2.25,2.888000011444092,-0.6380000114440918
2022-08-12,1302.5,2.25,2.8489999771118164,-0.5989999771118164
2022-08-16,1303.1,2.25,2.8239998817443848,-0.5739998817443848
2022-08-17,1309.6,2.25,2.8929998874664307,-0.6429998874664307
2022-08-18,1309.8,2.25,2.880000114440918,-0.630000114440918
2022-08-19,1317.3,2.25,2.989000082015991,-0.7390000820159912
2022-08-22,1326.7,2.25,3.0369999408721924,-0.7869999408721924
2022-08-23,1338.2,2.25,3.053999900817871,-0.8039999008178711
2022-08-24,1341.8,2.25,3.1059999465942383,-0.8559999465942383
2022-08-25,1341.4,2.5,3.0260000228881836,-0.5260000228881836
2022-08-26,1336.9,2.5,3.0350000858306885,-0.5350000858306885
2022-08-29,1332.5,2.5,3.109999895095825,-0.6099998950958252
2022-08-30,1347.7,2.5,3.109999895095825,-0.6099998950958252
2022-08-31,1347.5,2.5,3.132999897003174,-0.6329998970031738
2022-09-01,1345.1,2.5,3.265000104904175,-0.7650001049041748
2022-09-02,1351.4,2.5,3.193000078201294,-0.693000078201294
2022-09-05,1356.5,2.5,3.193000078201294,-0.693000078201294
2022-09-06,1369.7,2.5,3.3399999141693115,-0.8399999141693115
2022-09-07,1370.3,2.5,3.265000104904175,-0.7650001049041748
2022-09-08,1385.3,2.5,3.2920000553131104,-0.7920000553131104
2022-09-13,1381.2,2.5,3.421999931335449,-0.9219999313354492
2022-09-14,1374.8,2.5,3.4119999408721924,-0.9119999408721924
2022-09-15,1391.7,2.5,3.4590001106262207,-0.9590001106262207
2022-09-16,1394.2,2.5,3.447999954223633,-0.9479999542236328
2022-09-19,1394.2,2.5,3.490000009536743,-0.9900000095367432
2022-09-20,1390.1,2.5,3.571000099182129,-1.071000099182129
2022-09-21,1389.1,2.5,3.509999990463257,-1.0099999904632568
2022-09-22,1393.6,2.5,3.7079999446868896,-1.2079999446868896
2022-09-23,1408.0,2.5,3.697000026702881,-1.1970000267028809
2022-09-26,1408.4,2.5,3.878000020980835,-1.378000020980835
2022-09-27,1429.7,2.5,3.9639999866485596,-1.4639999866485596
2022-09-28,1427.2,2.5,3.7049999237060547,-1.2049999237060547
2022-09-29,1436.5,2.5,3.746999979019165,-1.246999979019165
2022-09-30,1434.8,2.5,3.803999900817871,-1.303999900817871
2022-10-04,1432.1,2.5,3.617000102996826,-1.1170001029968262
2022-10-05,1431.2,2.5,3.759000062942505,-1.2590000629425049
2022-10-06,1419.1,2.5,3.8259999752044678,-1.3259999752044678
2022-10-07,1404.2,2.5,3.882999897003174,-1.3829998970031738
2022-10-11,1410.3,2.5,3.938999891281128,-1.438999891281128
2022-10-12,1433.5,3.0,3.9019999504089355,-0.9019999504089355
2022-10-13,1430.4,3.0,3.9519999027252197,-0.9519999027252197
2022-10-14,1427.0,3.0,4.010000228881836,-1.010000228881836
2022-10-17,1428.9,3.0,4.014999866485596,-1.0149998664855957
2022-10-18,1436.6,3.0,3.997999906539917,-0.997999906539917
2022-10-19,1425.6,3.0,4.126999855041504,-1.126999855041504
2022-10-20,1420.6,3.0,4.22599983215332,-1.2259998321533203
2022-10-21,1431.7,3.0,4.2129998207092285,-1.2129998207092285
2022-10-24,1436.6,3.0,4.234000205993652,-1.2340002059936523
2022-10-25,1436.6,3.0,4.107999801635742,-1.1079998016357422
2022-10-26,1436.5,3.0,4.014999866485596,-1.0149998664855957
2022-10-27,1428.2,3.0,3.937000036239624,-0.937000036239624
2022-10-28,1418.1,3.0,4.010000228881836,-1.010000228881836
2022-10-31,1419.3,3.0,4.077000141143799,-1.0770001411437988
2022-11-01,1422.2,3.0,4.052000045776367,-1.0520000457763672
2022-11-02,1421.7,3.0,4.059000015258789,-1.059000015258789
2022-11-03,1418.0,3.0,4.124000072479248,-1.124000072479248
2022-11-04,1422.1,3.0,4.156000137329102,-1.1560001373291016
2022-11-07,1422.4,3.0,4.214000225067139,-1.2140002250671387
2022-11-08,1406.5,3.0,4.125999927520752,-1.125999927520752
2022-11-09,1387.3,3.0,4.151000022888184,-1.1510000228881836
2022-11-10,1368.3,3.0,3.8289999961853027,-0.8289999961853027
2022-11-11,1370.1,3.0,3.812999963760376,-0.812999963760376
2022-11-14,1334.1,3.0,3.865000009536743,-0.8650000095367432
2022-11-15,1320.3,3.0,3.7990000247955322,-0.7990000247955322
2022-11-16,1322.4,3.0,3.691999912261963,-0.6919999122619629
2022-11-17,1325.6,3.0,3.7750000953674316,-0.7750000953674316
2022-11-18,1338.4,3.0,3.818000078201294,-0.818000078201294
2022-11-21,1340.0,3.0,3.825000047683716,-0.8250000476837158
2022-11-22,1352.3,3.0,3.757999897003174,-0.7579998970031738
2022-11-23,1355.7,3.0,3.7060000896453857,-0.7060000896453857
2022-11-24,1352.3,3.25,3.7060000896453857,-0.45600008964538574
2022-11-25,1333.2,3.25,3.690999984741211,-0.44099998474121094
2022-11-28,1326.8,3.25,3.703000068664551,-0.4530000686645508
2022-11-29,1339.0,3.25,3.747999906539917,-0.497999906539917
2022-11-30,1331.5,3.25,3.703000068664551,-0.4530000686645508
2022-12-01,1320.1,3.25,3.5290000438690186,-0.27900004386901855
2022-12-02,1300.8,3.25,3.50600004196167,-0.2560000419616699
2022-12-05,1300.4,3.25,3.5989999771118164,-0.3489999771118164
2022-12-06,1293.2,3.25,3.513000011444092,-0.2630000114440918
2022-12-07,1309.0,3.25,3.4079999923706055,-0.15799999237060547
2022-12-08,1319.5,3.25,3.490999937057495,-0.24099993705749512
2022-12-09,1320.4,3.25,3.566999912261963,-0.3169999122619629
2022-12-12,1306.6,3.25,3.6110000610351562,-0.36100006103515625
2022-12-13,1310.0,3.25,3.500999927520752,-0.25099992752075195
2022-12-14,1304.4,3.25,3.503000020980835,-0.25300002098083496
2022-12-15,1296.0,3.25,3.450000047683716,-0.20000004768371582
2022-12-16,1301.0,3.25,3.4820001125335693,-0.23200011253356934
2022-12-19,1310.1,3.25,3.5810000896453857,-0.33100008964538574
2022-12-20,1302.0,3.25,3.684000015258789,-0.43400001525878906
2022-12-21,1298.0,3.25,3.684000015258789,-0.43400001525878906
2022-12-22,1286.6,3.25,3.6689999103546143,-0.41899991035461426
2022-12-23,1276.1,3.25,3.750999927520752,-0.500999927520752
2022-12-26,1282.2,3.25,3.750999927520752,-0.500999927520752
2022-12-27,1276.4,3.25,3.859999895095825,-0.6099998950958252
2022-12-28,1268.3,3.25,3.88700008392334,-0.6370000839233398
2022-12-29,1268.4,3.25,3.8350000381469727,-0.5850000381469727
2022-12-30,1267.3,3.25,3.878999948501587,-0.6289999485015869
2023-01-02,1267.3,3.25,3.878999948501587,-0.6289999485015869
2023-01-03,1268.9,3.25,3.7929999828338623,-0.5429999828338623
2023-01-04,1272.1,3.25,3.7090001106262207,-0.4590001106262207
2023-01-05,1274.7,3.25,3.7200000286102295,-0.4700000286102295
2023-01-06,1270.3,3.25,3.569000005722046,-0.3190000057220459
2023-01-09,1267.2,3.25,3.5169999599456787,-0.2669999599456787
2023-01-10,1246.8,3.25,3.621000051498413,-0.3710000514984131
2023-01-11,1240.8,3.25,3.553999900817871,-0.3039999008178711
2023-01-12,1245.3,3.25,3.4489998817443848,-0.19899988174438477
2023-01-13,1244.6,3.5,3.510999917984009,-0.010999917984008789
2023-01-16,1240.6,3.5,3.510999917984009,-0.010999917984008789
2023-01-17,1234.0,3.5,3.5350000858306885,-0.03500008583068848
2023-01-18,1238.5,3.5,3.375,0.125
2023-01-19,1239.8,3.5,3.3970000743865967,0.10299992561340332
2023-01-20,1236.0,3.5,3.4839999675750732,0.016000032424926758
2023-01-25,1234.4,3.5,3.4619998931884766,0.03800010681152344
2023-01-26,1233.4,3.5,3.493000030517578,0.006999969482421875
2023-01-27,1231.4,3.5,3.5179998874664307,-0.017999887466430664
2023-01-30,1230.2,3.5,3.5510001182556152,-0.051000118255615234
2023-01-31,1228.7,3.5,3.5290000438690186,-0.029000043869018555
2023-02-01,1230.8,3.5,3.3970000743865967,0.10299992561340332
2023-02-02,1231.4,3.5,3.3959999084472656,0.10400009155273438
2023-02-03,1219.3,3.5,3.5320000648498535,-0.032000064849853516
2023-02-06,1227.2,3.5,3.634000062942505,-0.13400006294250488
2023-02-07,1247.5,3.5,3.6740000247955322,-0.17400002479553223
2023-02-08,1256.0,3.5,3.6530001163482666,-0.1530001163482666
2023-02-09,1257.1,3.5,3.683000087738037,-0.1830000877380371
2023-02-10,1263.1,3.5,3.74399995803833,-0.24399995803833008
2023-02-13,1264.3,3.5,3.7170000076293945,-0.21700000762939453
2023-02-14,1274.6,3.5,3.760999917984009,-0.2609999179840088
2023-02-15,1269.9,3.5,3.809000015258789,-0.30900001525878906
2023-02-16,1279.3,3.5,3.8429999351501465,-0.3429999351501465
2023-02-17,1283.7,3.5,3.828000068664551,-0.3280000686645508
2023-02-20,1297.7,3.5,3.828000068664551,-0.3280000686645508
2023-02-21,1295.8,3.5,3.9549999237060547,-0.4549999237060547
2023-02-22,1295.8,3.5,3.9230000972747803,-0.4230000972747803
2023-02-23,1303.8,3.5,3.878999948501587,-0.3789999485015869
2023-02-24,1299.6,3.5,3.9489998817443848,-0.44899988174438477
2023-02-27,1300.5,3.5,3.921999931335449,-0.4219999313354492
2023-02-28,1317.4,3.5,3.9159998893737793,-0.4159998893737793
2023-03-02,1319.2,3.5,4.072999954223633,-0.5729999542236328
2023-03-03,1310.4,3.5,3.9639999866485596,-0.46399998664855957
2023-03-06,1304.8,3.5,3.9830000400543213,-0.4830000400543213
2023-03-07,1296.7,3.5,3.9749999046325684,-0.47499990463256836
2023-03-08,1299.1,3.5,3.9760000705718994,-0.4760000705718994
2023-03-09,1319.5,3.5,3.924999952316284,-0.4249999523162842
2023-03-10,1319.7,3.5,3.694999933242798,-0.19499993324279785
2023-03-13,1325.7,3.5,3.515000104904175,-0.015000104904174805
2023-03-14,1307.3,3.5,3.638000011444092,-0.1380000114440918
2023-03-15,1304.9,3.5,3.492000102996826,0.007999897003173828
2023-03-16,1302.0,3.5,3.5850000381469727,-0.08500003814697266
2023-03-17,1312.1,3.5,3.3949999809265137,0.10500001907348633
2023-03-20,1303.6,3.5,3.4809999465942383,0.01900005340576172
2023-03-21,1308.4,3.5,3.6059999465942383,-0.10599994659423828
2023-03-22,1307.8,3.5,3.5,0.0
2023-03-23,1307.1,3.5,3.4059998989105225,0.09400010108947754
2023-03-24,1287.2,3.5,3.380000114440918,0.11999988555908203
2023-03-27,1289.7,3.5,3.5280001163482666,-0.0280001163482666
2023-03-28,1300.3,3.5,3.563999891281128,-0.06399989128112793
2023-03-29,1297.4,3.5,3.565999984741211,-0.06599998474121094
2023-03-30,1299.3,3.5,3.5510001182556152,-0.051000118255615234
2023-03-31,1303.8,3.5,3.49399995803833,0.006000041961669922
2023-04-03,1295.4,3.5,3.430000066757202,0.06999993324279785
2023-04-04,1316.3,3.5,3.3369998931884766,0.16300010681152344
2023-04-05,1310.3,3.5,3.2869999408721924,0.21300005912780762
2023-04-06,1311.9,3.5,3.2880001068115234,0.21199989318847656
2023-04-07,1318.7,3.5,3.2880001068115234,0.21199989318847656
2023-04-10,1318.9,3.5,3.4149999618530273,0.08500003814697266
2023-04-11,1320.0,3.5,3.434000015258789,0.06599998474121094
2023-04-12,1319.5,3.5,3.4210000038146973,0.07899999618530273
2023-04-13,1324.2,3.5,3.4519999027252197,0.04800009727478027
2023-04-14,1318.0,3.5,3.5220000743865967,-0.02200007438659668
2023-04-17,1299.3,3.5,3.5910000801086426,-0.09100008010864258
2023-04-18,1311.3,3.5,3.572000026702881,-0.07200002670288086
2023-04-19,1318.8,3.5,3.6019999980926514,-0.10199999809265137
2023-04-20,1318.8,3.5,3.5450000762939453,-0.04500007629394531
2023-04-21,1327.6,3.5,3.569999933242798,-0.06999993324279785
2023-04-24,1327.9,3.5,3.515000104904175,-0.015000104904174805
2023-04-25,1332.7,3.5,3.3959999084472656,0.10400009155273438
2023-04-26,1333.3,3.5,3.431999921798706,0.06800007820129395
2023-04-27,1337.3,3.5,3.5280001163482666,-0.0280001163482666
2023-04-28,1339.9,3.5,3.4519999027252197,0.04800009727478027
2023-05-02,1339.1,3.5,3.438999891281128,0.06100010871887207
2023-05-03,1340.2,3.5,3.4030001163482666,0.0969998836517334
2023-05-04,1339.1,3.5,3.3510000705718994,0.14899992942810059
2023-05-08,1325.6,3.5,3.5209999084472656,-0.020999908447265625
2023-05-09,1322.7,3.5,3.5209999084472656,-0.020999908447265625
2023-05-10,1323.0,3.5,3.438999891281128,0.06100010871887207
2023-05-11,1324.2,3.5,3.3970000743865967,0.10299992561340332
2023-05-12,1320.3,3.5,3.4630000591278076,0.03699994087219238
2023-05-15,1333.6,3.5,3.507999897003174,-0.007999897003173828
2023-05-16,1337.8,3.5,3.5490000247955322,-0.04900002479553223
2023-05-17,1336.0,3.5,3.5810000896453857,-0.08100008964538574
2023-05-18,1339.4,3.5,3.6480000019073486,-0.14800000190734863
2023-05-19,1332.7,3.5,3.691999912261963,-0.1919999122619629
2023-05-22,1331.2,3.5,3.7190001010894775,-0.21900010108947754
2023-05-23,1319.1,3.5,3.697999954223633,-0.1979999542236328
2023-05-24,1311.4,3.5,3.7190001010894775,-0.21900010108947754
2023-05-25,1317.5,3.5,3.813999891281128,-0.31399989128112793
2023-05-26,1323.4,3.5,3.809999942779541,-0.309999942779541
2023-05-30,1325.6,3.5,3.700000047683716,-0.20000004768371582
2023-05-31,1322.2,3.5,3.63700008392334,-0.13700008392333984
2023-06-01,1321.6,3.5,3.6080000400543213,-0.10800004005432129
2023-06-02,1320.7,3.5,3.690999984741211,-0.19099998474121094
2023-06-05,1308.8,3.5,3.693000078201294,-0.19300007820129395
2023-06-07,1308.3,3.5,3.7839999198913574,-0.2839999198913574
2023-06-08,1300.5,3.5,3.7139999866485596,-0.21399998664855957
2023-06-09,1306.1,3.5,3.744999885559082,-0.24499988555908203
2023-06-12,1294.9,3.5,3.765000104904175,-0.2650001049041748
2023-06-13,1291.1,3.5,3.8389999866485596,-0.33899998664855957
2023-06-14,1277.5,3.5,3.7960000038146973,-0.29600000381469727
2023-06-15,1275.9,3.5,3.7279999256134033,-0.22799992561340332
2023-06-16,1280.1,3.5,3.7690000534057617,-0.2690000534057617
2023-06-19,1273.5,3.5,3.7690000534057617,-0.2690000534057617
2023-06-20,1280.7,3.5,3.7290000915527344,-0.22900009155273438
2023-06-21,1282.2,3.5,3.7230000495910645,-0.22300004959106445
2023-06-22,1291.5,3.5,3.7990000247955322,-0.2990000247955322
2023-06-23,1291.4,3.5,3.739000082015991,-0.2390000820159912
2023-06-26,1302.2,3.5,3.7190001010894775,-0.21900010108947754
2023-06-27,1303.8,3.5,3.7679998874664307,-0.26799988746643066
2023-06-28,1303.1,3.5,3.7100000381469727,-0.21000003814697266
2023-06-29,1304.3,3.5,3.8540000915527344,-0.3540000915527344
2023-06-30,1312.8,3.5,3.819000005722046,-0.3190000057220459
2023-07-03,1319.4,3.5,3.8580000400543213,-0.3580000400543213
2023-07-04,1310.0,3.5,3.8580000400543213,-0.3580000400543213
2023-07-05,1301.7,3.5,3.944999933242798,-0.44499993324279785
2023-07-06,1300.8,3.5,4.040999889373779,-0.5409998893737793
2023-07-07,1303.8,3.5,4.050000190734863,-0.5500001907348633
2023-07-10,1307.3,3.5,4.00600004196167,-0.5060000419616699
2023-07-11,1303.8,3.5,3.9800000190734863,-0.48000001907348633
2023-07-12,1295.0,3.5,3.8610000610351562,-0.36100006103515625
2023-07-13,1291.4,3.5,3.760999917984009,-0.2609999179840088
2023-07-14,1276.2,3.5,3.819000005722046,-0.3190000057220459
2023-07-17,1265.8,3.5,3.796999931335449,-0.2969999313354492
2023-07-18,1266.1,3.5,3.7890000343322754,-0.2890000343322754
2023-07-19,1261.6,3.5,3.742000102996826,-0.24200010299682617
2023-07-20,1265.4,3.5,3.8540000915527344,-0.3540000915527344
2023-07-21,1265.8,3.5,3.8369998931884766,-0.33699989318847656
2023-07-24,1281.7,3.5,3.8570001125335693,-0.35700011253356934
2023-07-25,1283.8,3.5,3.9119999408721924,-0.4119999408721924
2023-07-26,1280.7,3.5,3.8510000705718994,-0.3510000705718994
2023-07-27,1278.7,3.5,4.01200008392334,-0.5120000839233398
2023-07-28,1273.4,3.5,3.9690001010894775,-0.46900010108947754
2023-07-31,1280.0,3.5,3.9590001106262207,-0.4590001106262207
2023-08-01,1273.8,3.5,4.051000118255615,-0.5510001182556152
2023-08-02,1280.7,3.5,4.078000068664551,-0.5780000686645508
2023-08-03,1293.0,3.5,4.189000129699707,-0.689000129699707
2023-08-04,1298.8,3.5,4.059999942779541,-0.559999942779541
2023-08-07,1303.9,3.5,4.078000068664551,-0.5780000686645508
2023-08-08,1304.1,3.5,4.026000022888184,-0.5260000228881836
2023-08-09,1312.6,3.5,4.01200008392334,-0.5120000839233398
2023-08-10,1318.3,3.5,4.079999923706055,-0.5799999237060547
2023-08-11,1317.3,3.5,4.168000221252441,-0.6680002212524414
2023-08-14,1321.1,3.5,4.184000015258789,-0.6840000152587891
2023-08-16,1331.3,3.5,4.257999897003174,-0.7579998970031738
2023-08-17,1338.3,3.5,4.308000087738037,-0.8080000877380371
2023-08-18,1341.6,3.5,4.250999927520752,-0.750999927520752
2023-08-21,1336.9,3.5,4.3420000076293945,-0.8420000076293945
2023-08-22,1341.5,3.5,4.328000068664551,-0.8280000686645508
2023-08-23,1338.7,3.5,4.197999954223633,-0.6979999542236328
2023-08-24,1338.0,3.5,4.235000133514404,-0.7350001335144043
2023-08-25,1324.0,3.5,4.238999843597412,-0.7389998435974121
2023-08-28,1326.6,3.5,4.211999893188477,-0.7119998931884766
2023-08-29,1322.5,3.5,4.122000217437744,-0.6220002174377441
2023-08-30,1322.0,3.5,4.118000030517578,-0.6180000305175781
2023-08-31,1321.4,3.5,4.0929999351501465,-0.5929999351501465
2023-09-01,1322.3,3.5,4.172999858856201,-0.6729998588562012
2023-09-04,1319.2,3.5,4.172999858856201,-0.6729998588562012
2023-09-05,1319.3,3.5,4.26800012588501,-0.7680001258850098
2023-09-06,1324.3,3.5,4.289999961853027,-0.7899999618530273
2023-09-07,1332.6,3.5,4.260000228881836,-0.7600002288818359
2023-09-08,1334.7,3.5,4.257999897003174,-0.7579998970031738
2023-09-11,1333.4,3.5,4.288000106811523,-0.7880001068115234
2023-09-12,1332.4,3.5,4.263999938964844,-0.7639999389648438
2023-09-13,1326.1,3.5,4.249000072479248,-0.749000072479248
2023-09-14,1327.8,3.5,4.288000106811523,-0.7880001068115234
2023-09-15,1326.1,3.5,4.322000026702881,-0.8220000267028809
2023-09-18,1327.6,3.5,4.318999767303467,-0.8189997673034668
2023-09-19,1326.0,3.5,4.364999771118164,-0.8649997711181641
2023-09-20,1323.7,3.5,4.348999977111816,-0.8489999771118164
2023-09-21,1329.3,3.5,4.480000019073486,-0.9800000190734863
2023-09-22,1339.1,3.5,4.438000202178955,-0.9380002021789551
2023-09-25,1337.6,3.5,4.541999816894531,-1.0419998168945312
2023-09-26,1333.7,3.5,4.558000087738037,-1.058000087738037
2023-09-27,1344.8,3.5,4.625999927520752,-1.125999927520752
2023-10-04,1351.3,3.5,4.735000133514404,-1.2350001335144043
2023-10-05,1360.6,3.5,4.7170000076293945,-1.2170000076293945
2023-10-06,1349.4,3.5,4.783999919891357,-1.2839999198913574
2023-10-10,1348.3,3.5,4.65500020980835,-1.1550002098083496
2023-10-11,1348.3,3.5,4.59499979019165,-1.0949997901916504
2023-10-12,1339.6,3.5,4.711999893188477,-1.2119998931884766
2023-10-13,1339.9,3.5,4.629000186920166,-1.129000186920166
2023-10-16,1349.4,3.5,4.711999893188477,-1.2119998931884766
2023-10-17,1353.8,3.5,4.8470001220703125,-1.3470001220703125
2023-10-18,1351.9,3.5,4.9039998054504395,-1.4039998054504395
2023-10-19,1351.7,3.5,4.98799991607666,-1.4879999160766602
2023-10-20,1357.6,3.5,4.923999786376953,-1.4239997863769531
2023-10-23,1355.1,3.5,4.8379998207092285,-1.3379998207092285
2023-10-24,1353.2,3.5,4.840000152587891,-1.3400001525878906
2023-10-25,1343.9,3.5,4.953000068664551,-1.4530000686645508
2023-10-26,1347.0,3.5,4.84499979019165,-1.3449997901916504
2023-10-27,1357.1,3.5,4.84499979019165,-1.3449997901916504
2023-10-30,1352.3,3.5,4.875,-1.375
2023-10-31,1352.8,3.5,4.875,-1.375
2023-11-01,1349.6,3.5,4.789000034332275,-1.2890000343322754
2023-11-02,1356.9,3.5,4.669000148773193,-1.1690001487731934
2023-11-03,1343.2,3.5,4.558000087738037,-1.058000087738037
2023-11-06,1325.8,3.5,4.6620001792907715,-1.1620001792907715
2023-11-07,1303.2,3.5,4.571000099182129,-1.071000099182129
2023-11-08,1306.1,3.5,4.5229997634887695,-1.0229997634887695
2023-11-09,1305.5,3.5,4.630000114440918,-1.130000114440918
2023-11-10,1309.0,3.5,4.627999782562256,-1.1279997825622559
2023-11-13,1316.7,3.5,4.631999969482422,-1.1319999694824219
2023-11-14,1322.7,3.5,4.440999984741211,-0.9409999847412109
2023-11-15,1325.3,3.5,4.534999847412109,-1.0349998474121094
2023-11-16,1302.0,3.5,4.445000171661377,-0.945000171661377
2023-11-17,1303.9,3.5,4.440999984741211,-0.9409999847412109
2023-11-20,1294.4,3.5,4.421999931335449,-0.9219999313354492
2023-11-21,1292.4,3.5,4.418000221252441,-0.9180002212524414
2023-11-22,1287.7,3.5,4.415999889373779,-0.9159998893737793
2023-11-23,1295.7,3.5,4.415999889373779,-0.9159998893737793
2023-11-24,1298.7,3.5,4.4720001220703125,-0.9720001220703125
2023-11-27,1302.1,3.5,4.388999938964844,-0.8889999389648438
2023-11-28,1304.7,3.5,4.335999965667725,-0.8359999656677246
2023-11-29,1294.0,3.5,4.270999908447266,-0.7709999084472656
2023-11-30,1289.0,3.5,4.3520002365112305,-0.8520002365112305
2023-12-01,1290.4,3.5,4.22599983215332,-0.7259998321533203
2023-12-04,1303.2,3.5,4.288000106811523,-0.7880001068115234
2023-12-05,1301.8,3.5,4.171000003814697,-0.6710000038146973
2023-12-06,1311.7,3.5,4.120999813079834,-0.620999813079834
2023-12-07,1312.4,3.5,4.129000186920166,-0.629000186920166
2023-12-08,1322.7,3.5,4.244999885559082,-0.744999885559082
2023-12-11,1307.9,3.5,4.238999843597412,-0.7389998435974121
2023-12-12,1318.3,3.5,4.205999851226807,-0.7059998512268066
2023-12-13,1315.7,3.5,4.0329999923706055,-0.5329999923706055
2023-12-14,1316.5,3.5,3.930000066757202,-0.43000006675720215
2023-12-15,1295.6,3.5,3.927999973297119,-0.42799997329711914
2023-12-18,1294.7,3.5,3.9539999961853027,-0.45399999618530273
2023-12-19,1298.7,3.5,3.921999931335449,-0.4219999313354492
2023-12-20,1304.7,3.5,3.877000093460083,-0.377000093460083
2023-12-21,1300.2,3.5,3.8940000534057617,-0.3940000534057617
2023-12-22,1303.8,3.5,3.9010000228881836,-0.4010000228881836
2023-12-26,1300.7,3.5,3.885999917984009,-0.3859999179840088
2023-12-27,1296.8,3.5,3.7890000343322754,-0.2890000343322754
2023-12-28,1294.4,3.5,3.8499999046325684,-0.34999990463256836
2023-12-29,1289.4,3.5,3.865999937057495,-0.3659999370574951
2024-01-02,1289.4,3.5,3.946000099182129,-0.4460000991821289
2024-01-03,1299.3,3.5,3.9070000648498535,-0.4070000648498535
2024-01-04,1308.8,3.5,3.990999937057495,-0.4909999370574951
2024-01-05,1310.2,3.5,4.041999816894531,-0.5419998168945312
2024-01-08,1313.7,3.5,4.001999855041504,-0.5019998550415039
2024-01-09,1314.8,3.5,4.019000053405762,-0.5190000534057617
2024-01-10,1312.1,3.5,4.03000020980835,-0.5300002098083496
2024-01-11,1320.1,3.5,3.9769999980926514,-0.47699999809265137
2024-01-12,1316.0,3.5,3.950000047683716,-0.4500000476837158
2024-01-15,1314.1,3.5,3.950000047683716,-0.4500000476837158
2024-01-16,1319.3,3.5,4.065999984741211,-0.5659999847412109
2024-01-17,1329.0,3.5,4.105999946594238,-0.6059999465942383
2024-01-18,1343.2,3.5,4.144000053405762,-0.6440000534057617
2024-01-19,1342.4,3.5,4.145999908447266,-0.6459999084472656
2024-01-22,1336.5,3.5,4.093999862670898,-0.5939998626708984
2024-01-23,1334.7,3.5,4.142000198364258,-0.6420001983642578
2024-01-24,1336.0,3.5,4.177999973297119,-0.6779999732971191
2024-01-25,1339.1,3.5,4.131999969482422,-0.6319999694824219
2024-01-26,1335.7,3.5,4.159999847412109,-0.6599998474121094
2024-01-29,1336.6,3.5,4.091000080108643,-0.5910000801086426
2024-01-30,1336.9,3.5,4.059000015258789,-0.5590000152587891
2024-01-31,1330.6,3.5,3.9670000076293945,-0.46700000762939453
2024-02-01,1333.5,3.5,3.86299991607666,-0.36299991607666016
2024-02-02,1332.5,3.5,4.0329999923706055,-0.5329999923706055
2024-02-05,1325.1,3.5,4.164000034332275,-0.6640000343322754
2024-02-06,1334.6,3.5,4.090000152587891,-0.5900001525878906
2024-02-07,1329.6,3.5,4.110000133514404,-0.6100001335144043
2024-02-08,1325.3,3.5,4.170000076293945,-0.6700000762939453
2024-02-13,1327.2,3.5,4.315999984741211,-0.8159999847412109
2024-02-14,1328.4,3.5,4.267000198364258,-0.7670001983642578
2024-02-15,1336.9,3.5,4.239999771118164,-0.7399997711181641
2024-02-16,1333.2,3.5,4.295000076293945,-0.7950000762939453
2024-02-19,1333.0,3.5,4.295000076293945,-0.7950000762939453
2024-02-20,1333.8,3.5,4.275000095367432,-0.7750000953674316
2024-02-21,1337.9,3.5,4.324999809265137,-0.8249998092651367
2024-02-22,1335.0,3.5,4.327000141143799,-0.8270001411437988
2024-02-23,1331.0,3.5,4.260000228881836,-0.7600002288818359
2024-02-26,1329.3,3.5,4.298999786376953,-0.7989997863769531
2024-02-27,1331.4,3.5,4.315000057220459,-0.815000057220459
2024-02-28,1331.3,3.5,4.27400016784668,-0.7740001678466797
2024-02-29,1334.0,3.5,4.251999855041504,-0.7519998550415039
2024-03-04,1334.1,3.5,4.218999862670898,-0.7189998626708984
2024-03-05,1330.1,3.5,4.13700008392334,-0.6370000839233398
2024-03-06,1333.2,3.5,4.104000091552734,-0.6040000915527344
2024-03-07,1335.7,3.5,4.0920000076293945,-0.5920000076293945
2024-03-08,1329.6,3.5,4.089000225067139,-0.5890002250671387
2024-03-11,1323.1,3.5,4.104000091552734,-0.6040000915527344
2024-03-12,1314.4,3.5,4.15500020980835,-0.6550002098083496
2024-03-13,1311.1,3.5,4.191999912261963,-0.6919999122619629
2024-03-14,1312.8,3.5,4.297999858856201,-0.7979998588562012
2024-03-15,1316.9,3.5,4.303999900817871,-0.8039999008178711
2024-03-18,1328.4,3.5,4.340000152587891,-0.8400001525878906
2024-03-19,1333.0,3.5,4.296999931335449,-0.7969999313354492
2024-03-20,1338.5,3.5,4.2729997634887695,-0.7729997634887695
2024-03-21,1338.7,3.5,4.270999908447266,-0.7709999084472656
2024-03-22,1326.3,3.5,4.2179999351501465,-0.7179999351501465
2024-03-25,1336.1,3.5,4.252999782562256,-0.7529997825622559
2024-03-26,1340.7,3.5,4.234000205993652,-0.7340002059936523
2024-03-27,1338.6,3.5,4.196000099182129,-0.6960000991821289
2024-03-28,1345.8,3.5,4.205999851226807,-0.7059998512268066
2024-03-29,1346.8,3.5,4.205999851226807,-0.7059998512268066
2024-04-01,1347.4,3.5,4.328999996185303,-0.8289999961853027
2024-04-02,1347.1,3.5,4.364999771118164,-0.8649997711181641
2024-04-03,1353.0,3.5,4.355000019073486,-0.8550000190734863
2024-04-04,1349.1,3.5,4.309000015258789,-0.8090000152587891
2024-04-05,1346.8,3.5,4.377999782562256,-0.8779997825622559
2024-04-08,1351.8,3.5,4.423999786376953,-0.9239997863769531
2024-04-09,1353.6,3.5,4.366000175476074,-0.8660001754760742
2024-04-11,1354.4,3.5,4.576000213623047,-1.0760002136230469
2024-04-12,1363.7,3.5,4.499000072479248,-0.999000072479248
2024-04-15,1371.6,3.5,4.627999782562256,-1.1279997825622559
2024-04-16,1383.7,3.5,4.658999919891357,-1.1589999198913574
2024-04-17,1395.3,3.5,4.585000038146973,-1.0850000381469727
2024-04-18,1386.3,3.5,4.646999835968018,-1.1469998359680176
2024-04-19,1375.9,3.5,4.614999771118164,-1.114999771118164
2024-04-22,1385.0,3.5,4.623000144958496,-1.123000144958496
2024-04-23,1380.6,3.5,4.5980000495910645,-1.0980000495910645
2024-04-24,1377.9,3.5,4.6519999504089355,-1.1519999504089355
2024-04-25,1370.0,3.5,4.705999851226807,-1.2059998512268066
2024-04-26,1376.6,3.5,4.669000148773193,-1.1690001487731934
2024-04-29,1375.9,3.5,4.613999843597412,-1.113999843597412
2024-04-30,1378.7,3.5,4.685999870300293,-1.185999870300293
2024-05-02,1378.0,3.5,4.571000099182129,-1.071000099182129
2024-05-03,1378.5,3.5,4.5,-1.0
2024-05-07,1365.2,3.5,4.4629998207092285,-0.9629998207092285
2024-05-08,1357.8,3.5,4.492000102996826,-0.9920001029968262
2024-05-09,1364.4,3.5,4.448999881744385,-0.9489998817443848
2024-05-10,1367.9,3.5,4.504000186920166,-1.004000186920166
2024-05-13,1367.9,3.5,4.480999946594238,-0.9809999465942383
2024-05-14,1370.1,3.5,4.445000171661377,-0.945000171661377
2024-05-16,1369.0,3.5,4.376999855041504,-0.8769998550415039
2024-05-17,1349.4,3.5,4.420000076293945,-0.9200000762939453
2024-05-20,1355.2,3.5,4.436999797821045,-0.9369997978210449
2024-05-21,1356.2,3.5,4.414000034332275,-0.9140000343322754
2024-05-22,1364.4,3.5,4.434000015258789,-0.9340000152587891
2024-05-23,1363.1,3.5,4.474999904632568,-0.9749999046325684
2024-05-24,1364.5,3.5,4.4670000076293945,-0.9670000076293945
2024-05-27,1370.0,3.5,4.4670000076293945,-0.9670000076293945
2024-05-28,1365.4,3.5,4.541999816894531,-1.0419998168945312
2024-05-29,1359.5,3.5,4.624000072479248,-1.124000072479248
2024-05-30,1364.8,3.5,4.553999900817871,-1.053999900817871
2024-05-31,1376.5,3.5,4.513999938964844,-1.0139999389648438
2024-06-03,1381.6,3.5,4.4019999504089355,-0.9019999504089355
2024-06-04,1377.6,3.5,4.335999965667725,-0.8359999656677246
2024-06-05,1373.1,3.5,4.289000034332275,-0.7890000343322754
2024-06-07,1371.5,3.5,4.429999828338623,-0.929999828338623
2024-06-10,1366.9,3.5,4.468999862670898,-0.9689998626708984
2024-06-11,1377.9,3.5,4.4039998054504395,-0.9039998054504395
2024-06-12,1377.4,3.5,4.295000076293945,-0.7950000762939453
2024-06-13,1377.8,3.5,4.23799991607666,-0.7379999160766602
2024-06-14,1371.0,3.5,4.2129998207092285,-0.7129998207092285
2024-06-17,1377.7,3.5,4.2789998054504395,-0.7789998054504395
2024-06-18,1380.4,3.5,4.2170000076293945,-0.7170000076293945
2024-06-19,1380.5,3.5,4.2170000076293945,-0.7170000076293945
2024-06-20,1380.8,3.5,4.254000186920166,-0.754000186920166
2024-06-21,1383.8,3.5,4.256999969482422,-0.7569999694824219
2024-06-24,1389.1,3.5,4.248000144958496,-0.7480001449584961
2024-06-25,1389.7,3.5,4.23799991607666,-0.7379999160766602
2024-06-26,1386.4,3.5,4.315999984741211,-0.8159999847412109
2024-06-27,1390.1,3.5,4.288000106811523,-0.7880001068115234
2024-06-28,1389.2,3.5,4.3429999351501465,-0.8429999351501465
2024-07-01,1382.4,3.5,4.479000091552734,-0.9790000915527344
2024-07-02,1380.8,3.5,4.435999870300293,-0.935999870300293
2024-07-03,1387.4,3.5,4.355000019073486,-0.8550000190734863
2024-07-04,1389.4,3.5,4.355000019073486,-0.8550000190734863
2024-07-05,1381.9,3.5,4.271999835968018,-0.7719998359680176
2024-07-08,1379.0,3.5,4.269000053405762,-0.7690000534057617
2024-07-09,1379.4,3.5,4.300000190734863,-0.8000001907348633
2024-07-10,1383.4,3.5,4.28000020980835,-0.7800002098083496
2024-07-11,1385.6,3.5,4.192999839782715,-0.6929998397827148
2024-07-12,1380.1,3.5,4.189000129699707,-0.689000129699707
2024-07-15,1376.3,3.5,4.229000091552734,-0.7290000915527344
2024-07-16,1381.9,3.5,4.166999816894531,-0.6669998168945312
2024-07-17,1386.0,3.5,4.145999908447266,-0.6459999084472656
2024-07-18,1381.5,3.5,4.189000129699707,-0.689000129699707
2024-07-19,1379.9,3.5,4.238999843597412,-0.7389998435974121
2024-07-22,1386.6,3.5,4.260000228881836,-0.7600002288818359
2024-07-23,1388.6,3.5,4.238999843597412,-0.7389998435974121
2024-07-24,1385.1,3.5,4.285999774932861,-0.7859997749328613
2024-07-25,1385.1,3.5,4.25600004196167,-0.7560000419616699
2024-07-26,1385.4,3.5,4.199999809265137,-0.6999998092651367
2024-07-29,1385.4,3.5,4.177999973297119,-0.6779999732971191
2024-07-30,1382.0,3.5,4.14300012588501,-0.6430001258850098
2024-07-31,1384.6,3.5,4.109000205993652,-0.6090002059936523
2024-08-01,1380.1,3.5,3.9760000705718994,-0.4760000705718994
2024-08-02,1365.9,3.5,3.7920000553131104,-0.29200005531311035
2024-08-05,1372.8,3.5,3.7850000858306885,-0.2850000858306885
2024-08-06,1360.6,3.5,3.888000011444092,-0.3880000114440918
2024-08-07,1372.2,3.5,3.9679999351501465,-0.4679999351501465
2024-08-08,1376.4,3.5,3.996999979019165,-0.49699997901916504
2024-08-09,1377.7,3.5,3.941999912261963,-0.4419999122619629
2024-08-12,1369.4,3.5,3.9089999198913574,-0.4089999198913574
2024-08-13,1367.7,3.5,3.8519999980926514,-0.35199999809265137
2024-08-14,1370.3,3.5,3.819999933242798,-0.31999993324279785
2024-08-16,1361.4,3.5,3.8919999599456787,-0.3919999599456787
2024-08-19,1360.1,3.5,3.867000102996826,-0.36700010299682617
2024-08-20,1337.8,3.5,3.818000078201294,-0.31800007820129395
2024-08-21,1332.0,3.5,3.7780001163482666,-0.2780001163482666
2024-08-22,1332.4,3.5,3.861999988555908,-0.3619999885559082
2024-08-23,1335.9,3.5,3.806999921798706,-0.30699992179870605
2024-08-26,1340.1,3.5,3.818000078201294,-0.31800007820129395
2024-08-27,1323.9,3.5,3.8329999446868896,-0.33299994468688965
2024-08-28,1330.4,3.5,3.8410000801086426,-0.3410000801086426
2024-08-29,1334.7,3.5,3.867000102996826,-0.36700010299682617
2024-08-30,1335.3,3.5,3.9110000133514404,-0.41100001335144043
2024-09-02,1334.8,3.5,3.9110000133514404,-0.41100001335144043
2024-09-03,1338.8,3.5,3.8440001010894775,-0.34400010108947754
2024-09-04,1341.0,3.5,3.7679998874664307,-0.26799988746643066
2024-09-05,1342.0,3.5,3.7309999465942383,-0.23099994659423828
2024-09-06,1335.8,3.5,3.7100000381469727,-0.21000003814697266
2024-09-09,1330.4,3.5,3.697000026702881,-0.19700002670288086
2024-09-10,1339.5,3.5,3.6459999084472656,-0.14599990844726562
2024-09-11,1344.3,3.5,3.6530001163482666,-0.1530001163482666
2024-09-12,1340.3,3.5,3.680000066757202,-0.18000006675720215
2024-09-13,1339.6,3.5,3.6500000953674316,-0.15000009536743164
2024-09-19,1331.0,3.5,3.740000009536743,-0.24000000953674316
2024-09-20,1331.8,3.5,3.7279999256134033,-0.22799992561340332
2024-09-23,1329.9,3.5,3.739000082015991,-0.2390000820159912
2024-09-24,1335.5,3.5,3.7360000610351562,-0.23600006103515625
2024-09-25,1334.3,3.5,3.7809998989105225,-0.28099989891052246
2024-09-26,1328.4,3.5,3.7909998893737793,-0.2909998893737793
2024-09-27,1329.7,3.5,3.749000072479248,-0.24900007247924805
2024-09-30,1319.6,3.5,3.802000045776367,-0.3020000457763672
2024-10-02,1306.9,3.5,3.7850000858306885,-0.2850000858306885
2024-10-04,1320.1,3.5,3.9809999465942383,-0.4809999465942383
2024-10-07,1333.3,3.5,4.026000022888184,-0.5260000228881836
2024-10-08,1346.5,3.5,4.0329999923706055,-0.5329999923706055
2024-10-10,1347.8,3.5,4.0960001945495605,-0.5960001945495605
2024-10-11,1349.4,3.25,4.072999954223633,-0.8229999542236328
2024-10-14,1348.6,3.25,4.0980000495910645,-0.8480000495910645
2024-10-15,1354.9,3.25,4.038000106811523,-0.7880001068115234
2024-10-16,1360.4,3.25,4.015999794006348,-0.7659997940063477
2024-10-17,1363.7,3.25,4.0960001945495605,-0.8460001945495605
2024-10-18,1366.5,3.25,4.072999954223633,-0.8229999542236328
2024-10-21,1371.1,3.25,4.182000160217285,-0.9320001602172852
2024-10-22,1370.4,3.25,4.203999996185303,-0.9539999961853027
2024-10-23,1380.1,3.25,4.242000102996826,-0.9920001029968262
2024-10-24,1382.0,3.25,4.199999809265137,-0.9499998092651367
2024-10-25,1380.5,3.25,4.23199987411499,-0.9819998741149902
2024-10-28,1384.4,3.25,4.2779998779296875,-1.0279998779296875
2024-10-29,1387.0,3.25,4.27400016784668,-1.0240001678466797
2024-10-30,1383.1,3.25,4.265999794006348,-1.0159997940063477
2024-10-31,1383.3,3.25,4.283999919891357,-1.0339999198913574
2024-11-01,1379.3,3.25,4.361000061035156,-1.1110000610351562
2024-11-04,1377.9,3.25,4.309000015258789,-1.059000015258789
2024-11-05,1371.3,3.25,4.289000034332275,-1.0390000343322754
2024-11-06,1377.8,3.25,4.426000118255615,-1.1760001182556152
2024-11-07,1391.5,3.25,4.341000080108643,-1.0910000801086426
2024-11-08,1399.1,3.25,4.306000232696533,-1.0560002326965332
2024-11-11,1385.4,3.25,4.308000087738037,-1.058000087738037
2024-11-12,1395.3,3.25,4.432000160217285,-1.1820001602172852
2024-11-13,1401.1,3.25,4.451000213623047,-1.2010002136230469
2024-11-14,1407.3,3.25,4.418000221252441,-1.1680002212524414
2024-11-15,1406.4,3.25,4.427999973297119,-1.1779999732971191
2024-11-18,1402.8,3.25,4.414000034332275,-1.1640000343322754
2024-11-19,1392.6,3.25,4.379000186920166,-1.129000186920166
2024-11-20,1392.0,3.25,4.406000137329102,-1.1560001373291016
2024-11-21,1391.6,3.25,4.432000160217285,-1.1820001602172852
2024-11-22,1398.1,3.25,4.409999847412109,-1.1599998474121094
2024-11-25,1400.5,3.25,4.264999866485596,-1.0149998664855957
2024-11-26,1398.2,3.25,4.302000045776367,-1.0520000457763672
2024-11-27,1401.2,3.25,4.242000102996826,-0.9920001029968262
2024-11-28,1396.8,3.0,4.242000102996826,-1.2420001029968262
2024-11-29,1394.7,3.0,4.177999973297119,-1.1779999732971191
2024-12-02,1395.1,3.0,4.196000099182129,-1.196000099182129
2024-12-03,1402.0,3.0,4.2230000495910645,-1.2230000495910645
2024-12-04,1403.4,3.0,4.179999828338623,-1.179999828338623
2024-12-05,1413.0,3.0,4.179999828338623,-1.179999828338623
2024-12-06,1414.9,3.0,4.151000022888184,-1.1510000228881836
2024-12-09,1419.4,3.0,4.198999881744385,-1.1989998817443848
2024-12-10,1433.2,3.0,4.2210001945495605,-1.2210001945495605
2024-12-11,1428.1,3.0,4.270999908447266,-1.2709999084472656
2024-12-12,1431.4,3.0,4.323999881744385,-1.3239998817443848
2024-12-13,1431.5,3.0,4.39900016784668,-1.3990001678466797
2024-12-16,1432.7,3.0,4.396999835968018,-1.3969998359680176
2024-12-17,1434.9,3.0,4.385000228881836,-1.385000228881836
2024-12-18,1436.6,3.0,4.49399995803833,-1.49399995803833
2024-12-19,1436.8,3.0,4.570000171661377,-1.570000171661377
2024-12-20,1449.7,3.0,4.52400016784668,-1.5240001678466797
2024-12-23,1450.3,3.0,4.598999977111816,-1.5989999771118164
2024-12-24,1449.3,3.0,4.591000080108643,-1.5910000801086426
2024-12-26,1453.6,3.0,4.578999996185303,-1.5789999961853027
2024-12-27,1462.9,3.0,4.61899995803833,-1.61899995803833
2024-12-30,1474.1,3.0,4.545000076293945,-1.5450000762939453
2024-12-31,1470.0,3.0,4.545000076293945,-1.5450000762939453
